diagnostic_index,seed_digest_sha256,seed_u64_little_endian,engine_seed,status,exit_code,failure,discovery_sha256,assignment_sha256,assignment_offset,assignment_bytes,matched_units,matched_unit_rate,max_population_deviation_scaled,total_population_deviation_scaled,weighted_boundary_cut,population_tolerance_pass,benchmark_assignment_reproduction
1,7f9bb041f050d14ab89ba34fb65d4b70d2fbabccd83651d6e8d4897bc1cdf25e,5391179221763660671,1465072992,accepted,0,,ebac075caebf272c761e49c1e44f0d5853ac7483b65b8b6d7fc37519be1803ae,ee9d5895fd53adfffb48aef694b51bf2b737e18a85bcdf1c8ae4cc33c3157a07,0,13402,107215,1.0,4,8,1633545912,true,true
2,f75d73905afcd619c2839b4bbc43dabdb8c0b65516778c0a53b37d1678829fd2,1861952961865014775,1143035564,accepted,0,,83700ea9eeb0430c30e2443f3e6769c51909561095969910711695d8958dbf48,ee9d5895fd53adfffb48aef694b51bf2b737e18a85bcdf1c8ae4cc33c3157a07,13402,13402,107215,1.0,4,8,1633545912,true,true
3,7cd81feef6a584e5784d8b5db0b0995839766af3fc1e0689b308067048600d97,16538526211586906236,958997613,accepted,0,,ffe674744bd58cc942827501be2442c4005ce9ed6dfd93cbf0dbc321a45cec1f,ee9d5895fd53adfffb48aef694b51bf2b737e18a85bcdf1c8ae4cc33c3157a07,26804,13402,107215,1.0,4,8,1633545912,true,true
4,3de30ee9280e165b1796a2c4ef8378c5f57f020d46516bd471a033d1704ed62f,6563449075810624317,523960208,accepted,0,,8209d91df901a03c8357e7ab54b6f9c59f4320e687f10e0e6fedf161f2c1ece7,ee9d5895fd53adfffb48aef694b51bf2b737e18a85bcdf1c8ae4cc33c3157a07,40206,13402,107215,1.0,4,8,1633545912,true,true
5,8dc76e562c44bd24391a4a4cc9da161fe51f55e714f85329e4473f0cbe437187,2647347113183070093,535384038,accepted,0,,d6f9e73dc0900f24a09c4d17442a5857c890b2ce541a0cd315be31529bf37124,ee9d5895fd53adfffb48aef694b51bf2b737e18a85bcdf1c8ae4cc33c3157a07,53608,13402,107215,1.0,4,8,1633545912,true,true
6,e13e37d9e1cd17b95d10cdb1f3c870bd09c6c721a90e9e35520e91af18c50685,13337355191376625377,1265031847,accepted,0,,51b5d20c47358901ee26b743fd1dfa962abff55c97172a6914f44b0999b8e9e2,ee9d5895fd53adfffb48aef694b51bf2b737e18a85bcdf1c8ae4cc33c3157a07,67010,13402,107215,1.0,4,8,1633545912,true,true
7,0b0ed914e9d2892858e10e8094b4bb66274808f2e33005bc2e153d00a168b911,2921097731845459467,1710011357,accepted,0,,0646d7a3c2be4d0db846cd0013e93a74d376fca6abf547ba2d701ce7bfca15cc,ee9d5895fd53adfffb48aef694b51bf2b737e18a85bcdf1c8ae4cc33c3157a07,80412,13402,107215,1.0,4,8,1633545912,true,true
8,b0f24d0a6883fe7dc704dc534356bb37e50e108c685165a2545f53c807a2aa54,9078838381698216624,105576834,accepted,0,,7888350e4db55b4832c90e84b82c85c1df94ccfa979ba92fe582b1beb02df1c0,ee9d5895fd53adfffb48aef694b51bf2b737e18a85bcdf1c8ae4cc33c3157a07,93814,13402,107215,1.0,4,8,1633545912,true,true
9,39c4d9fa9637faebda55da8375debfaa1c072826b35da8c3144ca29f5ec10068,17003964464683926585,1389245290,accepted,0,,cfa9d96f1e9c90ba50cc955af8ad47e96ddd375770d9dba408e0699cec81332b,ee9d5895fd53adfffb48aef694b51bf2b737e18a85bcdf1c8ae4cc33c3157a07,107216,13402,107215,1.0,4,8,1633545912,true,true
10,0296a366150f78960126efeb60aa81e6d648487fb87e6fa9f2674b0fe3c9d909,10842432687485195778,328447023,accepted,0,,1b4e56a2e2778f52d77e0084569884888f19d2fc9f9ec4dcdc9b71aca0c70449,ee9d5895fd53adfffb48aef694b51bf2b737e18a85bcdf1c8ae4cc33c3157a07,120618,13402,107215,1.0,4,8,1633545912,true,true
11,89c38cd6955dfa67a32ec4b2059c14a2e435f97a9de3dce45f46481e3858d6f8,7492403828215301001,646020790,accepted,0,,edcdf381fc79726a2a71fbb0d1649bb6c5af0e0819cd027b2f46a87d7772a9e3,ee9d5895fd53adfffb48aef694b51bf2b737e18a85bcdf1c8ae4cc33c3157a07,134020,13402,107215,1.0,4,8,1633545912,true,true
12,5e2e180235c79cc01be0d62a4534a9b5e76de03edadc6f850889ebf448dd119e,13879187182131359326,55688395,accepted,0,,447bea5dee06e484e540259a558fad4764da66cf4bcd79a7ad4b76574feaab9a,ee9d5895fd53adfffb48aef694b51bf2b737e18a85bcdf1c8ae4cc33c3157a07,147422,13402,107215,1.0,4,8,1633545912,true,true
13,b5bd6b29da9b7976e36794dc3e8f7a140168c01e49c51a652e474efcb5cf75b1,8537025929957588405,375321963,accepted,0,,4a904f3659dd98fa27bd2d07afd938878e452ed1424a9b419bf383a930c06a22,ee9d5895fd53adfffb48aef694b51bf2b737e18a85bcdf1c8ae4cc33c3157a07,160824,13402,107215,1.0,4,8,1633545912,true,true
14,ad43ca484ea5026a697b0bac317d708202c461bbd36ae2cac08d180c0cdb32e0,7638849673621029805,483364427,accepted,0,,60b4c3a9be6df8bdba0d84c6178c2d06ab5cab08a2ac4d63f7571be59f349773,ee9d5895fd53adfffb48aef694b51bf2b737e18a85bcdf1c8ae4cc33c3157a07,174226,13402,107215,1.0,4,8,1633545912,true,true
15,8c4af4da73e4c84e01e6373d01be79f31de0ed45e65f5dc233973d2ac9d82382,5677038516546325132,2022052724,accepted,0,,50cc85278cfdc17ccebf7c4941c611f54b95ae1a71d74c78d9bff3e05ccdeaf6,ee9d5895fd53adfffb48aef694b51bf2b737e18a85bcdf1c8ae4cc33c3157a07,187628,13402,107215,1.0,4,8,1633545912,true,true
16,851cee58d7bf944c7e8bc85d9cf2c1ed9acad956e25bb4b0ca6a08ea3d2063d1,5518246375066573957,1914149940,accepted,0,,35bf3222722083647c54b3a48cccaa775d5a85f90e55032c3036e9910c1aca61,ee9d5895fd53adfffb48aef694b51bf2b737e18a85bcdf1c8ae4cc33c3157a07,201030,13402,107215,1.0,4,8,1633545912,true,true
17,634707c4c1cb4dff76a294537a4b5bdfe929aa79b5099fb9606057912a06e131,18396584085956282211,1117970154,accepted,0,,eaf43d072a863a7288f76ffbd443f64d9f859cd8e6f5ed5eb80058225f6faf82,ee9d5895fd53adfffb48aef694b51bf2b737e18a85bcdf1c8ae4cc33c3157a07,214432,13402,107215,1.0,4,8,1633545912,true,true
18,d1d5b058f5a759629021785e37951e63971e97442a3609ad6fc9de6ca0a3397d,7086880160840996305,493102525,accepted,0,,5350ae4351a0e917edb4f80ba6715a19f590e6004895dfeb844507a209f0e545,ee9d5895fd53adfffb48aef694b51bf2b737e18a85bcdf1c8ae4cc33c3157a07,227834,13402,107215,1.0,4,8,1633545912,true,true
19,0e829ab7cb3bbb4579a969f76a6234ae2847406826c42375a51c6c1a96aa64ac,5024675555406676494,1125185958,accepted,0,,81ecb40741abb142e272ea315ac4d5f84d4aecf66cc53d55d98b7eb7dfda50c3,ee9d5895fd53adfffb48aef694b51bf2b737e18a85bcdf1c8ae4cc33c3157a07,241236,13402,107215,1.0,4,8,1633545912,true,true
20,3a5335b18fa0a96f92e512c756577a74c045bd684da765f4c66db09833813bb5,8046138748287931194,277386331,accepted,0,,9c2d8562f11e3a9be8035b5f3b135f8edb8865638e356c8846350d8f43bbd4a9,ee9d5895fd53adfffb48aef694b51bf2b737e18a85bcdf1c8ae4cc33c3157a07,254638,13402,107215,1.0,4,8,1633545912,true,true
21,c2fcff2fb41932499f6dbf78d9f15db3b3c39f48f2f458ee936f0e7f0e77e71a,5274306375294385346,1113862187,accepted,0,,182cc0dee6648f165c4a38602d1d0468cf5b30758570c497d152360c47808439,ee9d5895fd53adfffb48aef694b51bf2b737e18a85bcdf1c8ae4cc33c3157a07,268040,13402,107215,1.0,4,8,1633545912,true,true
22,6c85a5d58673cf1b779a48256062b0c944861e27ebf4c13a4d8f39fd9cc455f5,2003947382150366572,222588026,accepted,0,,6a71ed8e6996d0ce5d7e79fcd0dedc3c03c9b61135d0f8dc15af47caf7c126e3,ee9d5895fd53adfffb48aef694b51bf2b737e18a85bcdf1c8ae4cc33c3157a07,281442,13402,107215,1.0,4,8,1633545912,true,true
23,b010dbd5f6e0886efda9df0a427d90ce291d167d5e708c271ef1780251475c04,7964863291759202480,854381215,accepted,0,,cf62745d1f3e1b27a8c64ba52cafd185948bf1f591b83a3d624c0022f09f6aa7,ee9d5895fd53adfffb48aef694b51bf2b737e18a85bcdf1c8ae4cc33c3157a07,294844,13402,107215,1.0,4,8,1633545912,true,true
24,df3a30caadf91a87fca7f0a80ec6597cc60ee3492ad7078e0d0674d8f682603a,9735368069331565279,1483091516,accepted,0,,07609f778159fb6104e31f3f5347db69c8c720a564c42a3534fdf815fe85b4e5,ee9d5895fd53adfffb48aef694b51bf2b737e18a85bcdf1c8ae4cc33c3157a07,308246,13402,107215,1.0,4,8,1633545912,true,true
25,48b54b17de499bcc4265cc96bd294ebdde2f3fe5b4a7b2a8a3210fffb2a21017,14743459023349855560,813844743,accepted,0,,057cd18f79505aa1ce0f4d52a052066dffdaf07ba886c4e9bdd6671c87c10eeb,ee9d5895fd53adfffb48aef694b51bf2b737e18a85bcdf1c8ae4cc33c3157a07,321648,13402,107215,1.0,4,8,1633545912,true,true
26,c323903f1fc71b1ecb7322131e55f609d0b2f01356aefe0242166ea94aaf64e1,2169546582533350339,2076684801,accepted,0,,458039fc2f32d58294ba799ff89d7a4565cc48c507b6351a642a82c412a8365a,ee9d5895fd53adfffb48aef694b51bf2b737e18a85bcdf1c8ae4cc33c3157a07,335050,13402,107215,1.0,4,8,1633545912,true,true
27,c30ef712b70a431b1bf4e8fbd277b9304a3978c5b7cb8ced86ee09738b76602c,1964425643877142211,1232938033,accepted,0,,b8232fc2724a91d393b7c67ab908acc79a4df1b301dcb7c0223234b9e23a8867,ee9d5895fd53adfffb48aef694b51bf2b737e18a85bcdf1c8ae4cc33c3157a07,348452,13402,107215,1.0,4,8,1633545912,true,true
28,a2e2ef81b8b8c6319228f72a5ed0708fcfe59322185606d1f83cf97a65dd0089,3586757255840653986,1702712339,accepted,0,,4f90ffe3ff4f8dc494b5ca9584cb48cd3bbc56de6b83cc8f35f2456c6352013a,ee9d5895fd53adfffb48aef694b51bf2b737e18a85bcdf1c8ae4cc33c3157a07,361854,13402,107215,1.0,4,8,1633545912,true,true
29,f0979ff7cc6ad5368b455db4e571b875f062436e902b5c8c3135393767a34acf,3951181676647782384,1699376522,accepted,0,,491ed7508c74932868765b3605c0cf70462686dcffcf6cfa8b7f9bf4737afb72,ee9d5895fd53adfffb48aef694b51bf2b737e18a85bcdf1c8ae4cc33c3157a07,375256,13402,107215,1.0,4,8,1633545912,true,true
30,9422e10b5f9946791c299005ed73686c36a48ca26e96662c0804921f0fc3d0bb,8738840760459272852,2121160019,accepted,0,,2db7c549c1ac1e4733bedd4de3bf3ef149a7ebf4d9a2d5369be8ea5440aaac8e,ee9d5895fd53adfffb48aef694b51bf2b737e18a85bcdf1c8ae4cc33c3157a07,388658,13402,107215,1.0,4,8,1633545912,true,true
31,a79c9c0e2bc5811341afc1d281a5600dba2f4e78915df1ff7da3f2d88e4517f5,1405621347435715751,899688189,accepted,0,,805446d3ccbb310f68bfdb4723dc3b15eaef87ed28ed2a1d7f1ccc89f2d18352,ee9d5895fd53adfffb48aef694b51bf2b737e18a85bcdf1c8ae4cc33c3157a07,402060,13402,107215,1.0,4,8,1633545912,true,true
32,567d32278f68464d9242c8e1c2f31bd5a1ece20d5782099f61301bb52020326f,5568252953337429334,1103056501,accepted,0,,d59250bde6e07f0acce249ec2ea9801303c8983a7a3dd271dc730dda930b72e6,ee9d5895fd53adfffb48aef694b51bf2b737e18a85bcdf1c8ae4cc33c3157a07,415462,13402,107215,1.0,4,8,1633545912,true,true
33,490d8ed7a89d535a95c8cb809083b5d30270a0562b96de4789dc0c54eafee6d8,6508719234976976201,204818588,accepted,0,,32893774401f67dccae59b184f9b7280e0a33f87d9a83abc661dda87468e8709,ee9d5895fd53adfffb48aef694b51bf2b737e18a85bcdf1c8ae4cc33c3157a07,428864,13402,107215,1.0,4,8,1633545912,true,true
34,2eeae850b240746f3835691c5dd0e210b86980fd2d9160fc937da2c874bb9cf1,8031115170114234926,802253716,accepted,0,,9fa6378ac48c5ec6bb36add5ec304ac4dbf905dd54270e50e836b7226233a462,ee9d5895fd53adfffb48aef694b51bf2b737e18a85bcdf1c8ae4cc33c3157a07,442266,13402,107215,1.0,4,8,1633545912,true,true
35,0ddf391c7f6dab6b2c6121a81523860f5fb835fb3d07f986cadc9e5b1a97497d,7758415175777640205,1938864652,accepted,0,,9d26b08ee90c3c33cfa7eb574a280667640a3f38bfc41274417858ea93ee1110,ee9d5895fd53adfffb48aef694b51bf2b737e18a85bcdf1c8ae4cc33c3157a07,455668,13402,107215,1.0,4,8,1633545912,true,true
36,8688e4aee037de745e4e0e6e133d9a2838c0588646e55522f8d316ab26b49440,8421229791375820934,413202505,accepted,0,,396a0a2d91bfe3cf0230e60207707e93701023bd7c509fa3f0374e9049f17032,ee9d5895fd53adfffb48aef694b51bf2b737e18a85bcdf1c8ae4cc33c3157a07,469070,13402,107215,1.0,4,8,1633545912,true,true
37,2c98edd332dd2641710648eb8028da7d2610a48aee4b356a2b8a62500dc23169,4694682871953987628,1446728338,accepted,0,,2f79112d8bbb7411998475ea6ee1143b4809f7b047df0b90971e9936cc2860a0,ee9d5895fd53adfffb48aef694b51bf2b737e18a85bcdf1c8ae4cc33c3157a07,482472,13402,107215,1.0,4,8,1633545912,true,true
38,aaa504c89a0291ae01744f8c57c96fe61398d1857670b5a4818a9fe95552813f,12578838098026472874,623291106,accepted,0,,d17130dba8b577359a98a3d2425e340dca2d9b4f97536b89868b05d098926f20,ee9d5895fd53adfffb48aef694b51bf2b737e18a85bcdf1c8ae4cc33c3157a07,495874,13402,107215,1.0,4,8,1633545912,true,true
39,e736bcdfc5d88eceb82081eb4abb186fb3a3e735f893210169176adbcdabb60a,14884072162879878887,2094655605,accepted,0,,d3cf785b75f7d7a99537bfcb6f6e5beccb80d722532188e9e1492a6a04ac55f6,ee9d5895fd53adfffb48aef694b51bf2b737e18a85bcdf1c8ae4cc33c3157a07,509276,13402,107215,1.0,4,8,1633545912,true,true
40,22e3d23ac8d4b447ff398ab8b75725b2e60ebc2dc8f72b4acd52b973f09fcebc,5166988628946248482,1245482163,accepted,0,,26d568b7b53e60c1c2e9c3102b1b321b93140499f44dcb279483b321bfe98c7f,ee9d5895fd53adfffb48aef694b51bf2b737e18a85bcdf1c8ae4cc33c3157a07,522678,13402,107215,1.0,4,8,1633545912,true,true
41,b59298ecbd8ad7bfb68116f53eddf08361066550dd42e5bf99d76a1f0b394b21,13823670129559900853,1816635443,accepted,0,,8d56110b550a53c9f09a53da31ce971e74375144a1381ab0984c0bdf7de770d8,ee9d5895fd53adfffb48aef694b51bf2b737e18a85bcdf1c8ae4cc33c3157a07,536080,13402,107215,1.0,4,8,1633545912,true,true
42,9ea21d6f0c0501da880ee133ceaeab8ea2a3553a71558b5f2931483d3e167254,15708842526206960286,589278394,accepted,0,,b37e81a854278d327039e4eeb67fcabb4609a1d5f8e8da7ab1354ce7c54c79ba,ee9d5895fd53adfffb48aef694b51bf2b737e18a85bcdf1c8ae4cc33c3157a07,549482,13402,107215,1.0,4,8,1633545912,true,true
43,75cfcd6d5f56c47d1d71c9ecd0e8a97eb5b5cd012b470f45978e2012cae7dae9,9062463318040366965,1767275573,accepted,0,,e0f9e3a8743ff489ba6253086bc997c8e5f81c7ca698fc4701b84dcf64788b72,ee9d5895fd53adfffb48aef694b51bf2b737e18a85bcdf1c8ae4cc33c3157a07,562884,13402,107215,1.0,4,8,1633545912,true,true
44,f750eca70b643f773bc2064e958cc2d3069c3aa996ba9ab451d12bd2915b28f6,8592696615270895863,376117520,accepted,0,,c67c862061f58fab4ac0ddbee17ceee2f531fdddb7747d7b5974ac32b1eecff8,ee9d5895fd53adfffb48aef694b51bf2b737e18a85bcdf1c8ae4cc33c3157a07,576286,13402,107215,1.0,4,8,1633545912,true,true
45,604b02a2d7043200a070b615971e8c69bf0e91fa4d6ef5e1e4f032d8158a8628,14079073018071904,577131791,accepted,0,,27307dc54a1d9dfdee1997b9d2c1518f34f8e608c9194e0454b4b7bae1bae904,ee9d5895fd53adfffb48aef694b51bf2b737e18a85bcdf1c8ae4cc33c3157a07,589688,13402,107215,1.0,4,8,1633545912,true,true
46,3c5c73a6a5fe05441c099ff88400a819dea5f0a1777f9b0c9340057183aa389b,4901603756878289980,780097928,accepted,0,,3304fedbe0469edf87b83a38db95f45d47625465ee28b3ec0be9c83f0278c6bd,ee9d5895fd53adfffb48aef694b51bf2b737e18a85bcdf1c8ae4cc33c3157a07,603090,13402,107215,1.0,4,8,1633545912,true,true
47,9c38b773fb6dab89d5605fcfb3a7709e26d17fafab9175c8edf339d4d3e626db,9920143530959255708,118363285,accepted,0,,6d858b30b43e63e6335fe7742e6401f754140102da8b87754a0f58f47ed351c8,ee9d5895fd53adfffb48aef694b51bf2b737e18a85bcdf1c8ae4cc33c3157a07,616492,13402,107215,1.0,4,8,1633545912,true,true
48,73695eedf2ed0616405a12a4da8a8fea9f787c36b6c8a9ad97a5c1a8c743045c,1587217546314934643,426526041,accepted,0,,fd6bbc9d2ea6aa8125d6f29d41baa3cf7fbd93d00750669d056a8086acf19a0c,ee9d5895fd53adfffb48aef694b51bf2b737e18a85bcdf1c8ae4cc33c3157a07,629894,13402,107215,1.0,4,8,1633545912,true,true
49,499a7c2f73b9ee3aa7099329944e92fc549dae7c4d30af1e2004a1289cc5d2e6,4246535403026029129,626658608,accepted,0,,37c4eee6b15cc86b7b02b674830f03ded2407886ebb49cd29e60d379914ec8ca,ee9d5895fd53adfffb48aef694b51bf2b737e18a85bcdf1c8ae4cc33c3157a07,643296,13402,107215,1.0,4,8,1633545912,true,true
50,582f5b7d6c686faefec626cbf7a36faf1f2ae9b47447dcc79e321f782146ea87,12569379900183228248,1513750579,accepted,0,,8d4a074eed7ee31e99f7cdb9391d70f2660199095d7396dbf9a9b111aab795ba,ee9d5895fd53adfffb48aef694b51bf2b737e18a85bcdf1c8ae4cc33c3157a07,656698,13402,107215,1.0,4,8,1633545912,true,true
51,99f2477bd1ece7264e1eda6ee8ed332d5c3ae40ed6c5acb3c3c30ba60fd3a549,2803469677522055833,1226296380,accepted,0,,dad863b684c33764e64898ad592d1ec5e75d4fad74e83a571c9b0ea173574465,ee9d5895fd53adfffb48aef694b51bf2b737e18a85bcdf1c8ae4cc33c3157a07,670100,13402,107215,1.0,4,8,1633545912,true,true
52,998e6887759139d1b29a41da02c68f869b76bbe72c0563e7e484fbc700dc21d9,15076241161568423577,702263687,accepted,0,,ab6a06e1b7592650df261adac3ebfa2a9295592f45b134bb51eef0c21663e9ec,ee9d5895fd53adfffb48aef694b51bf2b737e18a85bcdf1c8ae4cc33c3157a07,683502,13402,107215,1.0,4,8,1633545912,true,true
53,cce0c300c7198113e3641549eefff34902fcd3c6b59b1a721699f520c531191e,1405432901218328780,667292762,accepted,0,,241ea235fad1a6763173b872d5145c08816a7d6b915defca27fda25c689cb5b8,ee9d5895fd53adfffb48aef694b51bf2b737e18a85bcdf1c8ae4cc33c3157a07,696904,13402,107215,1.0,4,8,1633545912,true,true
54,5f546aef993d17fdfd221bb94007e68e60bfe7168d67e91fecbffc584a85aa48,18237112947416126559,1771622294,accepted,0,,e3d315e450e86d48c9e345462694707f9636bbf03bc4198de2b2e4ab6e48aaa5,ee9d5895fd53adfffb48aef694b51bf2b737e18a85bcdf1c8ae4cc33c3157a07,710306,13402,107215,1.0,4,8,1633545912,true,true
55,8af35ebd94bce43e9a8b95cc8eb2a9eb6fffd8d9f4938d2e9cd98af61a35342e,4531954472059859850,992505012,accepted,0,,1a0bc1c0259c69dbe184c74c6e51eaa12f3a241f52e36423aee53c84e420402b,ee9d5895fd53adfffb48aef694b51bf2b737e18a85bcdf1c8ae4cc33c3157a07,723708,13402,107215,1.0,4,8,1633545912,true,true
56,205b309785f2bc550ff7c7e7792d644b7c8013f87217455ae5902165709b45f1,6178079444426578720,1118453804,accepted,0,,0681ec8a0e3a66da34edfd9d6215d0be4864dff25b7a0cdfceb7c1279ba6eef1,ee9d5895fd53adfffb48aef694b51bf2b737e18a85bcdf1c8ae4cc33c3157a07,737110,13402,107215,1.0,4,8,1633545912,true,true
57,105bb2872e55428e0d0013ff9a1e0d8ecf9c8957a5b93c4187b088078dd24628,10250849360182139664,607585647,accepted,0,,5dc17c7896340e05df314ddc87fc50da21cc37a3e6514bf164acf9bc283f277b,ee9d5895fd53adfffb48aef694b51bf2b737e18a85bcdf1c8ae4cc33c3157a07,750512,13402,107215,1.0,4,8,1633545912,true,true
58,6f27f65bb5ba7f9521ae02d7db9551941126cd12434f03cec3d77bebbd099970,10772534121788221295,116759772,accepted,0,,60f85f07062ddd6b33e03bd84562bcc9d1b84b0e57012dd3ed5bd25ec720f2dc,ee9d5895fd53adfffb48aef694b51bf2b737e18a85bcdf1c8ae4cc33c3157a07,763914,13402,107215,1.0,4,8,1633545912,true,true
59,f8f96362bcf5235d2b98e2440760e04566fe01315607e668a998d03c41cbf2c8,6711478059165547000,481027442,accepted,0,,6aee50ccb8f5262ab60cd64aa3484d4aa1f9b0270b3dfe784467911550c2fe83,ee9d5895fd53adfffb48aef694b51bf2b737e18a85bcdf1c8ae4cc33c3157a07,777316,13402,107215,1.0,4,8,1633545912,true,true
60,ca6b65baec060fe10637ce24956ef2317ad6192777a29e88eb60f234612a0a6e,16217188396993702858,2088991142,accepted,0,,d10aed57f09ea889ace613f43d25d2de5f1724d9bab9390aadac77501f0da1e0,ee9d5895fd53adfffb48aef694b51bf2b737e18a85bcdf1c8ae4cc33c3157a07,790718,13402,107215,1.0,4,8,1633545912,true,true
61,36f763443656e1c43d60a0426c8f3b4d71383b07020e518fd0d95b401912ee22,14186715092269397814,1311155109,accepted,0,,523e65578bc9757e6f166217661c72ef81cc8dfcbf7737e54f1ddd062860bed7,ee9d5895fd53adfffb48aef694b51bf2b737e18a85bcdf1c8ae4cc33c3157a07,804120,13402,107215,1.0,4,8,1633545912,true,true
62,6a0cb91ad000540b66e9282ff7d0b2161b1d0560eade244ccb881c44746df2b0,816278326262434922,828444170,accepted,0,,9f100579df192054289d85b1f37cb3774266dfd1393340f1fef7ddc3f0d7ba21,ee9d5895fd53adfffb48aef694b51bf2b737e18a85bcdf1c8ae4cc33c3157a07,817522,13402,107215,1.0,4,8,1633545912,true,true
63,8bebb68b9ee0d2516ff31a11f5392736ffaccd12b1ca8d9f1bf3c5e89b5c43d9,5896021833734876043,794602697,accepted,0,,2fa8dced9a8b894d0a6c86b4215a22f939c73e2ca0aee6ae00ae2fce602614f6,ee9d5895fd53adfffb48aef694b51bf2b737e18a85bcdf1c8ae4cc33c3157a07,830924,13402,107215,1.0,4,8,1633545912,true,true
64,4e7ccb85e9d7369a2ecb9aec9c87958f891bccbe8d7d7437bf2b309771ef2c37,11112306528555334734,976825379,accepted,0,,095ddd53fe6f146b934a9ed26050273eb840cc54e0e34a44277c580e6f8a3112,ee9d5895fd53adfffb48aef694b51bf2b737e18a85bcdf1c8ae4cc33c3157a07,844326,13402,107215,1.0,4,8,1633545912,true,true
65,fdec5c8eb37f34ff0e887e0436095a1cee26d6ae8ba5a59843e72be5621fe9be,18389463587624905981,214297704,accepted,0,,4fab63b70db5e52312e78095c421537c411d6224bed6aa0245e29cbad19b6c89,ee9d5895fd53adfffb48aef694b51bf2b737e18a85bcdf1c8ae4cc33c3157a07,857728,13402,107215,1.0,4,8,1633545912,true,true
66,7b34a35638156c5dc3875143e2e6e09b54a129da78589864a860a5f2c9e95dbb,6731778874727937147,293297901,accepted,0,,828da049e42bbfe100717675d0a62a3fef1957464265f28e02779fa8027bb29c,ee9d5895fd53adfffb48aef694b51bf2b737e18a85bcdf1c8ae4cc33c3157a07,871130,13402,107215,1.0,4,8,1633545912,true,true
67,7365713898329bd68389230df12b4268fd41bb47ccee35503b33fa300c4b299e,15464009374870103411,1705495206,accepted,0,,99623b4c12fa4c4f48db29f17f1c7a46835f6700945bc1b8a753d68b2f5bb550,ee9d5895fd53adfffb48aef694b51bf2b737e18a85bcdf1c8ae4cc33c3157a07,884532,13402,107215,1.0,4,8,1633545912,true,true
68,d3d513468ba32de5dddd6e8c412ce62676a95a50782c9b507a3130f09ac15386,16514035227208963539,275717357,accepted,0,,8c79dcd831c31a53c6276283a3feadc68ba3882efb9e65756a01dc9619326e21,ee9d5895fd53adfffb48aef694b51bf2b737e18a85bcdf1c8ae4cc33c3157a07,897934,13402,107215,1.0,4,8,1633545912,true,true
69,aee09186df913df19dab1f7c92efeb101558f67db7ebbe8b951b1ed9a8cd7c34,17383210525941424302,1762460784,accepted,0,,15c8fa9e6e75ed71690399db0bf6e61c0ae02201208a8bd051440ae3b7b3b7f4,ee9d5895fd53adfffb48aef694b51bf2b737e18a85bcdf1c8ae4cc33c3157a07,911336,13402,107215,1.0,4,8,1633545912,true,true
70,47ebbd325893d47481649687efc8e217494769e78833651d406797a5567312ba,8418515610480012103,476516857,accepted,0,,86d11718139beddb293b17aba794eafd93f69921ee2487f91b1aaba472011479,ee9d5895fd53adfffb48aef694b51bf2b737e18a85bcdf1c8ae4cc33c3157a07,924738,13402,107215,1.0,4,8,1633545912,true,true
71,91425bd14a84116b2bfec43db329820981205d3ff1ef3351d943e663a437f371,7715093093537235601,662588200,accepted,0,,b0edb15a463ec28b47a8914fc6e8312a95c4c74d56a946a33c83adc16691536f,ee9d5895fd53adfffb48aef694b51bf2b737e18a85bcdf1c8ae4cc33c3157a07,938140,13402,107215,1.0,4,8,1633545912,true,true
72,fd8c92f7875644b78574b3948a08ea9294e8092b61d51e93b5e41346acb9682d,13205775149331287293,1713060367,accepted,0,,bb6a8ba7c7b65519b076d5603f0e97dbe7f172c3f87dd771f8cb86bc0012f76c,ee9d5895fd53adfffb48aef694b51bf2b737e18a85bcdf1c8ae4cc33c3157a07,951542,13402,107215,1.0,4,8,1633545912,true,true
73,a17500da79aa6a327ddfd142b37eea6eba1912b7f7f3f75bd2745148a0c9c4d9,3632903489752954273,1054198421,accepted,0,,35d35e3a7910c7ee58a70e891aba3c6c340064d3f3a61adb75f275c063dfb4ee,ee9d5895fd53adfffb48aef694b51bf2b737e18a85bcdf1c8ae4cc33c3157a07,964944,13402,107215,1.0,4,8,1633545912,true,true
74,cd148724fcc2b55ecc18abdc0db2139f969d4e3c793b52c05bbd3b81f079d1bb,6824575198550234317,1643289286,accepted,0,,b1179a9c3d89c0c197a47af73a8c258b6ea687cf63db5c4c59c697f48d27f46c,ee9d5895fd53adfffb48aef694b51bf2b737e18a85bcdf1c8ae4cc33c3157a07,978346,13402,107215,1.0,4,8,1633545912,true,true
75,45a9647108400270e1ad3de7df8df785e464ccc69f7990362d0bd432a85a1665,8071083887207688517,1365846359,accepted,0,,a83c432b1e5c0b9ace591c23ab56468eccdaaf2139c19b637e17d39291c92371,ee9d5895fd53adfffb48aef694b51bf2b737e18a85bcdf1c8ae4cc33c3157a07,991748,13402,107215,1.0,4,8,1633545912,true,true
76,4617fc2f90213dec785e937f38573fc6d688aea58a5c899821533833495b0eeb,17022799069694400326,141974122,accepted,0,,f10ecc31d1ef7da1ffb874d490f37c23e09113df26f77a822e03a77045aaab13,ee9d5895fd53adfffb48aef694b51bf2b737e18a85bcdf1c8ae4cc33c3157a07,1005150,13402,107215,1.0,4,8,1633545912,true,true
77,a37fca7bacbc6a069aff02373910c81ffdf78806bce3fbc9dfc8061554e207c2,462389360756162467,144701692,accepted,0,,e088db5f4993f740a9e11d834da03f92b7f01c2515e2efb7ccbf50f3d206a129,ee9d5895fd53adfffb48aef694b51bf2b737e18a85bcdf1c8ae4cc33c3157a07,1018552,13402,107215,1.0,4,8,1633545912,true,true
78,854eb354633bb7a7e564ee545718554ea0d86578ce6c662a3eb17f7da415f384,12085193422880853637,606192974,accepted,0,,0e8f0178a1e7dcf58b134f14f784d6f03ed5aa094e168ac9e64cdacba71638b6,ee9d5895fd53adfffb48aef694b51bf2b737e18a85bcdf1c8ae4cc33c3157a07,1031954,13402,107215,1.0,4,8,1633545912,true,true
79,949a6bf28cb96679be1dcf923ba15827f71869f04cfcd007bd3085fbac1844fb,8747883341227465364,1698237871,accepted,0,,8c717cbf0208d5ebde9d4989079ce6c3da6b543b19a3455e1cf911d051fbe828,ee9d5895fd53adfffb48aef694b51bf2b737e18a85bcdf1c8ae4cc33c3157a07,1045356,13402,107215,1.0,4,8,1633545912,true,true
80,a78c359ba7da81f17f0a7bd476c81bd67603711262083e631f56772229337eb7,17402430848534678695,2117681657,accepted,0,,22aa1cdaa0f3b4f76cffa465d5232ca3f12b047b0988eea3751627f0bb7559c4,ee9d5895fd53adfffb48aef694b51bf2b737e18a85bcdf1c8ae4cc33c3157a07,1058758,13402,107215,1.0,4,8,1633545912,true,true
81,41389c0e414f4769808b486beb4a283e78677bb73057d40aea18fb57173aafb5,7586119238165477441,1630197444,accepted,0,,6e50f69ce293a80259b607fa718ed44f302afe29c27a74f87fd493cc63d5bcda,ee9d5895fd53adfffb48aef694b51bf2b737e18a85bcdf1c8ae4cc33c3157a07,1072160,13402,107215,1.0,4,8,1633545912,true,true
82,b5d01c203b89da9cf9761f4bd1f2c02dd61444d0ded399621ddf89b09c992e2c,11302497101874516149,1506927405,accepted,0,,ebcd1de46bd56a7414c18b38d13a820b73446aa479846c4bb1f149166adb88bc,ee9d5895fd53adfffb48aef694b51bf2b737e18a85bcdf1c8ae4cc33c3157a07,1085562,13402,107215,1.0,4,8,1633545912,true,true
83,aaa502b6dae7f998431fe1023cb24762aac0a1aa4d7ea167456720436bdfa5db,11023096489508513194,1744205153,accepted,0,,55414b01cdb4fe0f4e01084723b5f3a9c17ef5594d58bf7286564689dee100e0,ee9d5895fd53adfffb48aef694b51bf2b737e18a85bcdf1c8ae4cc33c3157a07,1098964,13402,107215,1.0,4,8,1633545912,true,true
84,53ffad2b3d52f9f92c87ca08b13c845d0a383b83ac69ed7c98ab2c79300e718c,18012518607324315475,530621393,accepted,0,,70d217234c567642153882b85ec80ea2d178b8fdb201c7d3586cb3c346ae97e2,ee9d5895fd53adfffb48aef694b51bf2b737e18a85bcdf1c8ae4cc33c3157a07,1112366,13402,107215,1.0,4,8,1633545912,true,true
85,f5c50e5a5aa32b265814009264b6a7e0eb521230c625052270802eb1362ea7c3,2750471605893121525,644222122,accepted,0,,c17e6eb8821ea7ff74a0198f0be470f60bd639ca7b18a6ff1e3308c036c9a7e0,ee9d5895fd53adfffb48aef694b51bf2b737e18a85bcdf1c8ae4cc33c3157a07,1125768,13402,107215,1.0,4,8,1633545912,true,true
86,365c9b6a662d38034fb48d3dbdcf0363cac0cc3ae74ddc100b60fca4b1e72522,231985298708061238,1896593154,accepted,0,,42fc7eabae309e7c896f037065ebdabd6e859de10a981736401a1066d745b825,ee9d5895fd53adfffb48aef694b51bf2b737e18a85bcdf1c8ae4cc33c3157a07,1139170,13402,107215,1.0,4,8,1633545912,true,true
87,3b787152f47c2db75052650c21b1fab48135a9eae1e3bdc439277ae2be5074a2,13199343471689824315,1087140390,accepted,0,,4ebda5954f7eca14affdc42409594b41127250196e1b06873b675bb2d9594ab6,ee9d5895fd53adfffb48aef694b51bf2b737e18a85bcdf1c8ae4cc33c3157a07,1152572,13402,107215,1.0,4,8,1633545912,true,true
88,5cb252107d1871b1cdf325a00b19f7df863b3c9e53de74b1339225dbd0e38746,12786027742505382492,1932845912,accepted,0,,c3cf2ffb94e31681132f7b9003dfecc451338f873fed15c25784f1608ed1dd8b,ee9d5895fd53adfffb48aef694b51bf2b737e18a85bcdf1c8ae4cc33c3157a07,1165974,13402,107215,1.0,4,8,1633545912,true,true
89,6a29f9966ad035865188a96628b157278dbb3d49d71cf04c8bf3bf22680d21e4,9670864931066030442,593807937,accepted,0,,561d7bf1ef533d9f7d30b8e34790d8bd1b1c065bc651487eea046de95625676f,ee9d5895fd53adfffb48aef694b51bf2b737e18a85bcdf1c8ae4cc33c3157a07,1179376,13402,107215,1.0,4,8,1633545912,true,true
90,a1ef80aa4517ff265d198e47890e1a2c2b5b147bfdff26924565d08dd0148b27,2809990280483237793,2021596716,accepted,0,,c4ce74caee934c988222c1a263ea9921fbaf0ffa926199fbb90443e21b265b40,ee9d5895fd53adfffb48aef694b51bf2b737e18a85bcdf1c8ae4cc33c3157a07,1192778,13402,107215,1.0,4,8,1633545912,true,true
91,aa89ebd8ac66071c834adc598d743f8a0e2b2c2077dae4bda6fb9118f02d3db5,2019695850458679722,284841732,accepted,0,,bf38acc7ff8de0dd70c470d37e6d18cbf8e0f953d4539b8abf669814e0fe927c,ee9d5895fd53adfffb48aef694b51bf2b737e18a85bcdf1c8ae4cc33c3157a07,1206180,13402,107215,1.0,4,8,1633545912,true,true
92,c170048c9425f71fec1b4d01931845d93bd2fbec89aa4b4bffe1a31217535445,2303351054357786817,1274199018,accepted,0,,6cee11d7aebf2e8236e224bcbd5ffc668b9e8fb50448a98724f83485f0f1282d,ee9d5895fd53adfffb48aef694b51bf2b737e18a85bcdf1c8ae4cc33c3157a07,1219582,13402,107215,1.0,4,8,1633545912,true,true
93,27245ede660e0bc84b80721a49634b99c1ddb57b0fc3cb3b70d16ca6b28f3c1f,14414630867309569063,1853112567,accepted,0,,ee15e0294438dacf3675206f9db06b2c3cd29e3613592d47b04545f8396331ab,ee9d5895fd53adfffb48aef694b51bf2b737e18a85bcdf1c8ae4cc33c3157a07,1232984,13402,107215,1.0,4,8,1633545912,true,true
94,ffe84a5c363f84ed93cb2291a5aa1947daadbcad187e7dd8ba7aeb648e7e1a42,17114873986623924479,928212847,accepted,0,,9d8e3984b47da5ab6a465057719c849e10ef1fedb7b535670f48d004b275a946,ee9d5895fd53adfffb48aef694b51bf2b737e18a85bcdf1c8ae4cc33c3157a07,1246386,13402,107215,1.0,4,8,1633545912,true,true
95,6978b003b53ba00678bd73a64a1ee02f54c0803e828388f0489833fa466f22b4,477447209138288745,284225491,accepted,0,,030ca6f179f08028fc52372a05524e60af7ef4eaef1faabae6f52f9850097ada,ee9d5895fd53adfffb48aef694b51bf2b737e18a85bcdf1c8ae4cc33c3157a07,1259788,13402,107215,1.0,4,8,1633545912,true,true
96,afbefd94fceca3f2ea84b113273ee16ec36e53ac3eae89f81006a3f4590fa12a,17484078747957968559,2051381419,accepted,0,,bc0a229fc64b365c963334b27e4aff6bc9c7a488bb9ba69f8b409c4402708c90,ee9d5895fd53adfffb48aef694b51bf2b737e18a85bcdf1c8ae4cc33c3157a07,1273190,13402,107215,1.0,4,8,1633545912,true,true
97,7199cec9f6b2a2ed4727ccba9cc4053375bd75ff3065d11a46b3f7d82023c73c,17123445506233506161,622067554,accepted,0,,44d1c42e6d49851ba0064dd238cb562c21b53da58fa7209a784a2d509b021b05,ee9d5895fd53adfffb48aef694b51bf2b737e18a85bcdf1c8ae4cc33c3157a07,1286592,13402,107215,1.0,4,8,1633545912,true,true
98,2f71c0a3a1e1a6f782d3abb457bceb66482304f299fd90ec04a7a49848b612cd,17845198657855451439,319698038,accepted,0,,270401f30b64ffe246f4ac7ef5368da1158fa714b01b08f6dc71c8639e4d7495,ee9d5895fd53adfffb48aef694b51bf2b737e18a85bcdf1c8ae4cc33c3157a07,1299994,13402,107215,1.0,4,8,1633545912,true,true
99,21dd9e4af5a8218d86fa667c323a4e86dd7ebd7950ac0b0cf51bbfda051dba1f,10169595205051669793,1692544781,accepted,0,,f7438bdb82aeb28389afd7ebf190666acd60cb9c4f5b2654fdeefad09a37e75c,ee9d5895fd53adfffb48aef694b51bf2b737e18a85bcdf1c8ae4cc33c3157a07,1313396,13402,107215,1.0,4,8,1633545912,true,true
100,bb9dbdb60a38a1ec3381af83c5f57d87e19c76a76ed45d23d69ca30dba53ce6f,17050971282868116923,268438996,accepted,0,,2e8a59f4e00f6cceefdb8c85cfca8ce4a1c60a34aa1b49c5e81858aa89bd9348,ee9d5895fd53adfffb48aef694b51bf2b737e18a85bcdf1c8ae4cc33c3157a07,1326798,13402,107215,1.0,4,8,1633545912,true,true
