state,structure,status,requested_seed,final_seed,seed_retried,partition_mode,audit_result,audit_population_pass,manifest_population_balance_valid,native_manifest_consistent,units,districts,edge_cut,edge_cut_ratio_to_standard,canonical_assignment_sha256
RI,standard-bisect,pass,0,0,False,edge-weighted,pass,True,True,True,250,2,65349.2565,1.0,e5ebf6ff6fddf1ef063771acc329529a78eab910a35d5065fb3feb0fab29f629
RI,ratio-optimal,pass,0,0,False,geosection,pass,True,True,True,250,2,65349.2565,1.0,e5ebf6ff6fddf1ef063771acc329529a78eab910a35d5065fb3feb0fab29f629
RI,ratio-optimal-area,pass,0,0,False,areasection,pass,True,True,True,250,2,65349.2565,1.0,e5ebf6ff6fddf1ef063771acc329529a78eab910a35d5065fb3feb0fab29f629
RI,prime-factor,pass,0,0,False,apportion-regions,pass,True,True,True,250,2,63417.38956,0.970437813015,7a8fd400731ce0777893274cadc016e5e0a75243e53e22ee29b96bd7f40d4620
NE,standard-bisect,pass,0,0,False,edge-weighted,pass,True,True,True,553,3,394406.06907,1.0,0c3c3af9a56a088bb21e76532f1fc2db1f24a4720e31a67f61c138fdb87b2410
NE,ratio-optimal,pass,0,0,False,geosection,pass,True,True,True,553,3,394406.06907,1.0,0c3c3af9a56a088bb21e76532f1fc2db1f24a4720e31a67f61c138fdb87b2410
NE,ratio-optimal-area,pass,0,0,False,areasection,pass,True,True,True,553,3,2146289.1969,5.441825989039,414e356f3c6472201a9b5b08b38c122b79a4510967609e985224037e31835377
NE,prime-factor,pass,0,0,False,apportion-regions,pass,True,True,True,553,3,514677.47953,1.304943102786,d829e3b29185a88bb829ece618ab9913573ca6b10139f37155ee2b32fe9b27fa
CT,standard-bisect,pass,0,0,False,edge-weighted,pass,True,True,True,883,5,448147.61213,1.0,9522c0f54b49561a412babfcff1183d6b7eb71e443e96c7571e027b735b98a7e
CT,ratio-optimal,pass,0,0,False,geosection,pass,True,True,True,883,5,443469.9391,0.989562204721,7e150064a35ecb04cf4250c1fc61d52bb4aae3c4fa9aeb0efea359f31e9390ca
CT,ratio-optimal-area,pass,0,0,False,areasection,pass,True,True,True,883,5,399275.60533,0.89094663125,95c601d2115da4b26886692511b8164a5b2a3e9449f9d8e389963ad98d6a1626
CT,prime-factor,pass,0,0,False,apportion-regions,pass,True,True,True,883,5,480035.51802,1.071154916431,fe265a1c3a28418b5d2d9432e7ee2cd431cc95dea981f1f311de0846b9cdf299
KY,standard-bisect,pass,0,0,False,edge-weighted,pass,True,True,True,1306,6,1315445.69707,1.0,1e7a1459a8efc7cfe32d5840ba43fbf530dd83d081c606e522664e2dd0ad5684
KY,ratio-optimal,pass,0,0,False,geosection,pass,True,True,True,1306,6,1282497.4071,0.974952755524,0d2cc87b1fb1a1c6874c66ab3e30f3484e133e4f0192f0ad2262c0dd05a889b9
KY,ratio-optimal-area,pass,0,0,False,areasection,pass,True,True,True,1306,6,1326186.34713,1.008165027324,ccf0f05c27949d86b7ca40dd7c9c0368795fe0220732eb0769ff73dd72f357a7
KY,prime-factor,pass,0,0,False,apportion-regions,pass,True,True,True,1306,6,1436498.79096,1.092024394591,7b10881f47e96271bbea77c4a4eef93f416a2651318d2537b59e9c1fa455c88a
SC,standard-bisect,pass,0,0,False,edge-weighted,pass,True,True,True,1323,7,1501074.77876,1.0,9fb92ea4949de5731538ffa5ef0ae8b8bba961ed352d2534ccff001dd898ae68
SC,ratio-optimal,pass,0,0,False,geosection,pass,True,True,True,1323,7,1501074.77876,1.0,9fb92ea4949de5731538ffa5ef0ae8b8bba961ed352d2534ccff001dd898ae68
SC,ratio-optimal-area,pass,0,0,False,areasection,pass,True,True,True,1323,7,1622456.88356,1.080863462978,83d27cc740831b1f90862ef57c5b56a04f1ce7997829d8ce6d0cfa983f1cb5ed
SC,prime-factor,pass,0,0,False,apportion-regions,pass,True,True,True,1323,7,1429357.53141,0.952222735093,d6350ba970aee7a420ac219a326ccd17d0c0196524a393286b68fcc3e84ca7f1
WI,standard-bisect,pass,0,0,False,edge-weighted,pass,True,True,True,1542,8,1873948.07432,1.0,ed4eebeb8145c217f7c29c0cdf035df659678074c667f68937b6ddac5a30617b
WI,ratio-optimal,pass,0,0,False,geosection,pass,True,True,True,1542,8,1917620.53819,1.023305055497,82b0217c47639abed0769110859955f43069c30591e217937ff2acf7ddffbf75
WI,ratio-optimal-area,pass,0,0,False,areasection,pass,True,True,True,1542,8,2149212.69752,1.146890208417,d9f07ad1f7f7b14df29111252fb1f214efafc5dfb99eecc8390df49a90ca3001
WI,prime-factor,pass,0,0,False,apportion-regions,pass,True,True,True,1542,8,2002747.78706,1.068731740492,f90c1681a0c2d5853df5457a3ed2bf2ec80fece833eac169e126bdfec4024206
AZ,standard-bisect,pass,0,0,False,edge-weighted,pass,True,True,True,1765,9,2339005.31239,1.0,7c915990da361457118b74b0cd623d227b9e64e6f3cb7939dd187310477985c7
AZ,ratio-optimal,pass,0,0,False,geosection,pass,True,True,True,1765,9,2003309.51881,0.856479251329,012f44df9f154a3d0da57a77224ca30a58edb14322354bebaeaafc649aa1c9aa
AZ,ratio-optimal-area,pass,0,0,False,areasection,pass,True,True,True,1765,9,2411454.29878,1.030974271844,faad3ebce80e2a39c16db48d26f97206a1ba07daf88186b79e3de0a7247c65c6
AZ,prime-factor,pass,0,0,False,apportion-regions,pass,True,True,True,1765,9,2125757.74149,0.908829804802,d4186e3fe06cd30928abea352b4c1495c7224d537988f85cdfc80c0c31f6ef6a
CA,standard-bisect,pass,0,0,False,edge-weighted,pass,True,True,True,9129,52,8764596.60532,1.0,8d1eb41cc40a7ac7516f10954531c1a8b20615e4aa7100f524516b9c4a09e519
CA,ratio-optimal,pass,0,0,False,geosection,pass,True,True,True,9129,52,8132678.36594,0.927901046924,e63859e620c68af8c536e0354ffdaf7c2857fc2e3e7cd9778d8d73473fa74e8d
CA,ratio-optimal-area,pass,0,0,False,areasection,pass,True,True,True,9129,52,7971960.76785,0.909563911134,4eeb67fdd34118c9e408c04f98c792bcc38404dc8c80b3905da53b6a20e3fbc2
CA,prime-factor,pass,0,0,False,apportion-regions,pass,True,True,True,9129,52,8431517.31672,0.961997191246,0b1469b2432c899e6f7550ff82d30b3687b032045a735517b8cda30744f5988e
HI,standard-bisect,pass,0,0,False,edge-weighted,pass,True,True,True,461,2,87349.48374,1.0,ff36ea56164a687458a76e1997695d8a6b59841093dda2673981b61da11bd3ab
HI,ratio-optimal,pass,0,0,False,geosection,pass,True,True,True,461,2,87349.48374,1.0,ff36ea56164a687458a76e1997695d8a6b59841093dda2673981b61da11bd3ab
HI,ratio-optimal-area,pass,0,0,False,areasection,pass,True,True,True,461,2,87349.48374,1.0,ff36ea56164a687458a76e1997695d8a6b59841093dda2673981b61da11bd3ab
HI,prime-factor,pass,0,0,False,apportion-regions,pass,True,True,True,461,2,87349.48374,1.0,ff36ea56164a687458a76e1997695d8a6b59841093dda2673981b61da11bd3ab
ID,standard-bisect,pass,0,0,False,edge-weighted,pass,True,True,True,456,2,527531.1163,1.0,faac6c622f33b8c03bc0c78458b956804ab0f202be9c2263233c4bc687903889
ID,ratio-optimal,pass,0,0,False,geosection,pass,True,True,True,456,2,527531.1163,1.0,faac6c622f33b8c03bc0c78458b956804ab0f202be9c2263233c4bc687903889
ID,ratio-optimal-area,pass,0,0,False,areasection,pass,True,True,True,456,2,527531.1163,1.0,faac6c622f33b8c03bc0c78458b956804ab0f202be9c2263233c4bc687903889
ID,prime-factor,pass,0,0,False,apportion-regions,pass,True,True,True,456,2,523395.43072,0.992160300213,85907e22f3dd0681a46c23d419c9c60bcf238f428c9b0577dfa693f1a5cb5b6e
ME,standard-bisect,pass,0,0,False,edge-weighted,pass,True,True,True,407,2,279472.42004,1.0,4b439d42300389955fae23f944ff3cedc05185452350ab8709687b49e1fcd563
ME,ratio-optimal,pass,0,0,False,geosection,pass,True,True,True,407,2,279472.42004,1.0,4b439d42300389955fae23f944ff3cedc05185452350ab8709687b49e1fcd563
ME,ratio-optimal-area,pass,0,0,False,areasection,pass,True,True,True,407,2,279472.42004,1.0,4b439d42300389955fae23f944ff3cedc05185452350ab8709687b49e1fcd563
ME,prime-factor,pass,0,0,False,apportion-regions,pass,True,True,True,407,2,243440.2168,0.871070629313,dc4acfb82f517e3dc65ad6ce0bcc235ae8b6cd56e22ec6cbcf173a8cd82787bb
MT,standard-bisect,pass,0,0,False,edge-weighted,pass,True,True,True,319,2,733009.26722,1.0,ec2bf0e519a9ef5c14aa848b695c146689c2b0a073c13c306cea6bf224d8b5b9
MT,ratio-optimal,pass,0,0,False,geosection,pass,True,True,True,319,2,733009.26722,1.0,ec2bf0e519a9ef5c14aa848b695c146689c2b0a073c13c306cea6bf224d8b5b9
MT,ratio-optimal-area,pass,0,0,False,areasection,pass,True,True,True,319,2,733009.26722,1.0,ec2bf0e519a9ef5c14aa848b695c146689c2b0a073c13c306cea6bf224d8b5b9
MT,prime-factor,pass,0,0,False,apportion-regions,pass,True,True,True,319,2,733009.26722,1.0,ec2bf0e519a9ef5c14aa848b695c146689c2b0a073c13c306cea6bf224d8b5b9
NH,standard-bisect,pass,0,0,False,edge-weighted,pass,True,True,True,350,2,224591.48316,1.0,fc575929f71024a3b32cb71ef0faf82581d0358fc2aa92dbd80ed837d5c4d473
NH,ratio-optimal,pass,0,0,False,geosection,pass,True,True,True,350,2,224591.48316,1.0,fc575929f71024a3b32cb71ef0faf82581d0358fc2aa92dbd80ed837d5c4d473
NH,ratio-optimal-area,pass,0,0,False,areasection,pass,True,True,True,350,2,224591.48316,1.0,fc575929f71024a3b32cb71ef0faf82581d0358fc2aa92dbd80ed837d5c4d473
NH,prime-factor,pass,0,0,False,apportion-regions,pass,True,True,True,350,2,139988.16813,0.62330132096,d40b197c6f621f6300cecd1a4e8725c655867a86ac26e88b1a31e83d76d9abd0
WV,standard-bisect,pass,0,0,False,edge-weighted,pass,True,True,True,546,2,349089.3233,1.0,66a722638f689590546dddc8bc6f142f785b22384038d021fc815c2bbe2eb4c8
WV,ratio-optimal,pass,0,0,False,geosection,pass,True,True,True,546,2,349089.3233,1.0,66a722638f689590546dddc8bc6f142f785b22384038d021fc815c2bbe2eb4c8
WV,ratio-optimal-area,pass,0,0,False,areasection,pass,True,True,True,546,2,349089.3233,1.0,66a722638f689590546dddc8bc6f142f785b22384038d021fc815c2bbe2eb4c8
WV,prime-factor,pass,0,0,False,apportion-regions,pass,True,True,True,546,2,343065.47746,0.982744113217,f529a02a05fb6532303ea76f698f9a3dcfe4c52833c04c29bbfe00897328dc8f
NM,standard-bisect,pass,0,0,False,edge-weighted,pass,True,True,True,612,3,978902.1835,1.0,cb8e8f365e6cd4826ae05dccf8446f1fd36be141b9f07552315d11aa5b60b8e6
NM,ratio-optimal,pass,0,0,False,geosection,pass,True,True,True,612,3,978902.1835,1.0,cb8e8f365e6cd4826ae05dccf8446f1fd36be141b9f07552315d11aa5b60b8e6
NM,ratio-optimal-area,pass,0,0,False,areasection,pass,True,True,True,612,3,1193327.22147,1.219046439557,5f26e6cedfd9f32fd892253d453a876f720296a852c4934061432362367c216b
NM,prime-factor,pass,0,0,False,apportion-regions,pass,True,True,True,612,3,1011022.72121,1.032812816491,0c4f36183447e6829cf4da902383e3451c6e31bb969581f33327d20d10d29bd6
AR,standard-bisect,pass,0,0,False,edge-weighted,pass,True,True,True,823,4,1152712.88561,1.0,60274d0075634fba8247f1df90f306300f33dc3e0b559b70982e1aa6067a88f6
AR,ratio-optimal,pass,0,0,False,geosection,pass,True,True,True,823,4,1202592.42195,1.043271431215,3aec06ba60079cd01d47b5cecab8c37ac429314e00b56516d1a6713399ceb918
AR,ratio-optimal-area,pass,0,0,False,areasection,pass,True,True,True,823,4,1299001.52033,1.126908128248,c5658eaaf6641ce28bf0de14c0255635758ed666c93f9c19d8c5f3162e1b8009
AR,prime-factor,pass,0,0,False,apportion-regions,pass,True,True,True,823,4,1175954.60134,1.020162623339,af505c80b6c77c0526764783bbb222a95e7fee131cae4549b96878d1ed6988c5
IA,standard-bisect,pass,0,0,False,edge-weighted,pass,True,True,True,896,4,1103081.21362,1.0,d6776f13f66d8ed0d54538e0aa1da15e3165d50703e143ec2ca3e2f5ed1d52cd
IA,ratio-optimal,pass,0,0,False,geosection,pass,True,True,True,896,4,1103081.21362,1.0,d6776f13f66d8ed0d54538e0aa1da15e3165d50703e143ec2ca3e2f5ed1d52cd
IA,ratio-optimal-area,pass,0,0,False,areasection,pass,True,True,True,896,4,1448802.57702,1.313414242878,ded769dd1d695395139207f4a4504010eec810786df67c703ae0b2bd621ac43e
IA,prime-factor,pass,0,0,False,apportion-regions,pass,True,True,True,896,4,1179467.25934,1.069247889255,7ed637d4b1ec7793eb20f440ee4ef18cfaf564806fb6b2baf5302049c202eae4
KS,standard-bisect,pass,0,0,False,edge-weighted,pass,True,True,True,829,4,1031406.20371,1.0,e514be27a803a86213fd340dfa79a8687490e5f202a1b10afe15b917cca93c99
KS,ratio-optimal,pass,0,0,False,geosection,pass,True,True,True,829,4,1026148.36713,0.994902263957,956195465d4c1eec83a0666daaf13b79b0025bfb83939b015be754796fd9505c
KS,ratio-optimal-area,pass,0,0,False,areasection,pass,True,True,True,829,4,1561877.88832,1.51431888106,f3747e322ccbd737b4ab86a5d6d9347acd2666ac35c7957f67f931138bcc04e2
KS,prime-factor,pass,0,0,False,apportion-regions,pass,True,True,True,829,4,1106157.6311,1.072475254775,b1b8d960f08c1bb2654742838a31e3a3f3742b0c18ada2d2577c492346cd311b
MS,standard-bisect,pass,0,0,False,edge-weighted,pass,True,True,True,878,4,982061.43672,1.0,57d326bed3aeef7d68da68257d48d4e9441943218a536aa63c4dcfd48fd31feb
MS,ratio-optimal,pass,0,0,False,geosection,pass,True,True,True,878,4,982061.43672,1.0,57d326bed3aeef7d68da68257d48d4e9441943218a536aa63c4dcfd48fd31feb
MS,ratio-optimal-area,pass,0,0,False,areasection,pass,True,True,True,878,4,1144675.63604,1.165584548216,3aee06e3baf76413a5ab0803a00a1eabf90218a665989940a9b37f28b23357ca
MS,prime-factor,pass,0,0,False,apportion-regions,pass,True,True,True,878,4,1015277.03845,1.033822325659,b69d636400923e2aa683b7b2938fc05e120df4e05fd51db929b36b1405699a3a
NV,standard-bisect,pass,0,0,False,edge-weighted,pass,True,True,True,779,4,1045514.37801,1.0,ba2dde40665d53ce5627aa11d38f0791349b0ef39fb5f982f265b653acaa54a2
NV,ratio-optimal,pass,0,0,False,geosection,pass,True,True,True,779,4,1047725.4956,1.002114861007,11a23e2f9c083365ea9cdd6b8494de9b850986b12e098df7ebb1337f65fd9ea1
NV,ratio-optimal-area,pass,0,0,False,areasection,pass,True,True,True,779,4,1582887.13547,1.513979308905,5b5f2a6fcfd1e18bcd2d956a7820012f1681274ff5c23d85d09497cb014d5024
NV,prime-factor,pass,0,0,False,apportion-regions,pass,True,True,True,779,4,904276.55638,0.864910684539,c394dbe748ca2935cd55d0a14257220ff9911e8b477ad96bb71dc866a3a91dd4
UT,standard-bisect,pass,0,0,False,edge-weighted,pass,True,True,True,716,4,954274.98702,1.0,b2b0d4c155179605277c1eda086278e2144c511db45f27e57c425e2b6eaa0ee0
UT,ratio-optimal,pass,0,0,False,geosection,pass,True,True,True,716,4,802956.62432,0.841431070961,3308c27afe7c97152aea9dd16d6a9e6be593b0aca660d169c4d6fd4c86bc8897
UT,ratio-optimal-area,pass,0,0,False,areasection,pass,True,True,True,716,4,2335549.13968,2.447459245446,4fa271c8590487ab476c7e08f2af0ed2d684c0291713068ceaf5c120e90845c8
UT,prime-factor,pass,0,0,False,apportion-regions,pass,True,True,True,716,4,975264.42722,1.021995169616,5a4fd4f5f158df52415b36b6ef4ea2cb684c2f71bb00d52a0cda1e382488466e
OK,standard-bisect,pass,0,0,False,edge-weighted,pass,True,True,True,1205,5,1351373.33285,1.0,34dff5c78dff57d51907a5568e06c2cb64005441357f7ad7bb1ae2b094941457
OK,ratio-optimal,pass,0,0,False,geosection,pass,True,True,True,1205,5,1340514.52981,0.991964616456,bfc6787f2e451422bd39090e2fe5271d20a3ce93c2841c53e409a3d608969104
OK,ratio-optimal-area,pass,0,0,False,areasection,pass,True,True,True,1205,5,1516553.88281,1.122231618713,7afe4e9d435f891c01b7c0b699935014d39063add7ac5e26c6fca4b5702e5bb6
OK,prime-factor,pass,0,0,False,apportion-regions,pass,True,True,True,1205,5,1555540.7319,1.15108141776,4e6e994e5893edbdb56d0b50c6249b0c7207144d75e9bee028aa59c45416f6ab
LA,standard-bisect,pass,0,0,False,edge-weighted,pass,True,True,True,1388,6,1510512.00727,1.0,5f422d14b7734ef8cfb43d0facd991fb938f651df81e1107f026413ef81b3e52
LA,ratio-optimal,pass,0,0,False,geosection,pass,True,True,True,1388,6,1510512.00727,1.0,5f422d14b7734ef8cfb43d0facd991fb938f651df81e1107f026413ef81b3e52
LA,ratio-optimal-area,pass,0,0,False,areasection,pass,True,True,True,1388,6,1975264.20063,1.307678582575,1c02d519da36595e009effadae6dcf3ffc5689986d61c7bf93f3fc6d5152366a
LA,prime-factor,pass,0,0,False,apportion-regions,pass,True,True,True,1388,6,1932208.77532,1.279174720903,8db457ea960f10c1ee7fbedc78724909fc97fcfe392129a6be64f7ac6337d881
OR,standard-bisect,pass,0,0,False,edge-weighted,pass,True,True,True,1001,6,1608525.82724,1.0,862054eae82b6f590be82633e40f5978edffcb31022addab98d0a23b81990ccb
OR,ratio-optimal,pass,0,0,False,geosection,pass,True,True,True,1001,6,1423528.72672,0.8849896611,2b36ae57e68dba2b869da1d3ba60f46ba2ec1fdb7a42088869568c646c3cf5c8
OR,ratio-optimal-area,pass,0,0,False,areasection,pass,True,True,True,1001,6,1864704.97233,1.159263308522,1bd1865129c0bee53382e12623c91f98cdcacffed670151d1e8744cd832195ec
OR,prime-factor,pass,0,0,False,apportion-regions,pass,True,True,True,1001,6,1592625.30381,0.990114847296,00fbc11d724dea40d9100db08479e62d2aee5782154210b5489a39292d1dd13f
AL,standard-bisect,pass,0,0,False,edge-weighted,pass,True,True,True,1437,7,1910809.17171,1.0,b163e0d65e82fb7e711429f040c731d3b6d15d5ae23b6a140f142623755294f5
AL,ratio-optimal,pass,0,0,False,geosection,pass,True,True,True,1437,7,1910809.17171,1.0,b163e0d65e82fb7e711429f040c731d3b6d15d5ae23b6a140f142623755294f5
AL,ratio-optimal-area,pass,0,0,False,areasection,pass,True,True,True,1437,7,2026886.20767,1.060747581537,ea2f22c155c17f7036144bbf68c47882a2cba0e62285b6a029829b3690692236
AL,prime-factor,pass,0,0,False,apportion-regions,pass,True,True,True,1437,7,1983781.36308,1.038189156955,c5554b932b53ee63c69cca9e069c17d1a9e647942641a0893c012805feaf9c97
CO,standard-bisect,pass,0,0,False,edge-weighted,pass,True,True,True,1447,8,2249876.60121,1.0,969efe11d39bb6066eaa6faff247a1d8195aac25339ca3aa1e0ff1420958271a
CO,ratio-optimal,pass,0,0,False,geosection,pass,True,True,True,1447,8,1737544.19571,0.772284219844,db6a4d5f6a234370d32b7f52be2876a9aa80d274f8f4dcffbefb5727d29e0934
CO,ratio-optimal-area,pass,0,0,False,areasection,pass,True,True,True,1447,8,1746814.36054,0.776404519075,acac3d517f725e9e5f4d0179c08eb4432ecbf1958884064bbe59fc986bd22659
CO,prime-factor,pass,0,0,False,apportion-regions,pass,True,True,True,1447,8,2260440.79741,1.004695455828,bfddbb4d616dc5ffd93dfb59fca57931eb11cbcdcf79685645452f117c73e32b
MD,standard-bisect,pass,0,0,False,edge-weighted,pass,True,True,True,1475,8,840767.36103,1.0,91770d37d819073c5d2241592691c7a5f199eb933e342e6e9ddfcd8586ecca25
MD,ratio-optimal,pass,0,0,False,geosection,pass,True,True,True,1475,8,801693.63117,0.953526109991,c469f2b9a6083b05d718efb0767d10a5655ab97b024e12e4ed5cf7ce7b11787f
MD,ratio-optimal-area,pass,0,0,False,areasection,pass,True,True,True,1475,8,696119.65875,0.827957519542,d5f7aadf81cee31fb382b0c948b1c678dfb61bfe0a5b1f5f73f09e70b1e5c951
MD,prime-factor,pass,0,0,False,apportion-regions,pass,True,True,True,1475,8,806298.59055,0.959003201031,1f0d9318901666ae433549313df74d1e2fd537170e01c3cf8648ca82878a070f
MN,standard-bisect,pass,0,0,False,edge-weighted,pass,True,True,True,1505,8,1582788.59361,1.0,bc8053270db7fc3454f68006359345e4a4a63f9c57843b425065ede0c1c7da70
MN,ratio-optimal,pass,0,0,False,geosection,pass,True,True,True,1505,8,1549909.49917,0.97922710931,da63ffe204704e5ba9d48867d8d3263c3294ab3bd7b09b6201c4b5a04a87f835
MN,ratio-optimal-area,pass,0,0,False,areasection,pass,True,True,True,1505,8,1773005.9071,1.120178597608,437e34d8d568a44a8ec3f3b6e5eb9dd225527952622caf48fb9574f07a8b8bec
MN,prime-factor,pass,0,0,False,apportion-regions,pass,True,True,True,1505,8,1583965.33201,1.000743458984,c3c48f224b205eac6cbfb3f58902b38c91042b90b0e059f1ce23439fbb607053
MO,standard-bisect,pass,0,0,False,edge-weighted,pass,True,True,True,1654,8,2200046.72452,1.0,17f8d97f3c6d00908a31a6b33ef89ee286ad67aea1587339e9f2c6b65b5761e8
MO,ratio-optimal,pass,0,0,False,geosection,pass,True,True,True,1654,8,2212628.39834,1.005718821187,432b989cc1ff90f26f51547203593c6739cda5145aeea6aa5d3a6e80eb1ab1eb
MO,ratio-optimal-area,pass,0,0,False,areasection,pass,True,True,True,1654,8,2301254.87029,1.046002725598,5fe552fdd2e2ea31cb0e6477b77a54284c657e20a782edd06944038d0a133d8f
MO,prime-factor,pass,0,0,False,apportion-regions,pass,True,True,True,1654,8,2402656.1776,1.09209325003,cd735100aa8b22dfc656d71b7beb1770f23e0b11a4a4bb4b1817330f1fa75e70
IN,standard-bisect,pass,0,0,False,edge-weighted,pass,True,True,True,1696,9,1828281.20558,1.0,47c4d0dc95a22e5db1b19b3323483ef723b44f97f9f75aa39931271c9d3eeb79
IN,ratio-optimal,pass,0,0,False,geosection,pass,True,True,True,1696,9,1793895.99253,0.981192601584,117afc76b5170bcf1e36d895fdd02e1746a877d45a37e356e7f896d6b650105e
IN,ratio-optimal-area,pass,0,0,False,areasection,pass,True,True,True,1696,9,1636731.23327,0.895229480167,1a6fdc3244a878fb598c000295f3ccb248ed07448beecbb8cae73eb306f72d2b
IN,prime-factor,pass,0,0,False,apportion-regions,pass,True,True,True,1696,9,1727736.0499,0.945005639519,777f0d05d673e923cba576137353f62e351a2e14684ff5dbc266082da08e0731
MA,standard-bisect,pass,0,0,False,edge-weighted,pass,True,True,True,1620,9,897464.8369,1.0,7d1e9c90477e8e3ebb9941025bc932ad43da1f364d3339554de3021b1ef6156d
MA,ratio-optimal,pass,0,0,False,geosection,pass,True,True,True,1620,9,757997.75447,0.84459883363,0da7f91e455190955e175e4e825c682fd0a28c29e2fd4f465ee27ab78220f64e
MA,ratio-optimal-area,pass,0,0,False,areasection,pass,True,True,True,1620,9,728167.67779,0.811360677155,4b811bcb885ff2d3681d1eaa1a7394216202c8e96e1805bf542e0483872660ca
MA,prime-factor,pass,0,0,False,apportion-regions,pass,True,True,True,1620,9,732622.97944,0.816324996053,704555df0d646e38dc237a31878163d757ed80ae42570c94f251fd0031945e3f
TN,standard-bisect,pass,0,0,False,edge-weighted,pass,True,True,True,1701,9,1989852.53177,1.0,fe5e872164f4ff7ce74344916ec64615380932daac548932e51b24923404153c
TN,ratio-optimal,pass,0,0,False,geosection,pass,True,True,True,1701,9,2027222.28998,1.018780164667,76c16e1a764d2242593d791729d328a4ac6cd664e47b72cf401d7a14a07fc90b
TN,ratio-optimal-area,pass,0,0,False,areasection,pass,True,True,True,1701,9,1789022.14127,0.8990727266,ea6136c85de069424f1a92099abd3d171bdf9a04e84cebeab27c8c93912a3a98
TN,prime-factor,pass,0,0,False,apportion-regions,pass,True,True,True,1701,9,1745895.21175,0.877399296619,1c94999acce4164ce1222505387929441cbedc509ce13db5b18e14faad479c5a
WA,standard-bisect,pass,0,0,False,edge-weighted,pass,True,True,True,1784,10,2397418.0601,1.0,d385660342802b639a7cfad83f0b67c4db05658305d79f10d445734694789b33
WA,ratio-optimal,pass,0,0,False,geosection,pass,True,True,True,1784,10,2886583.20048,1.204038314602,054b19b8e2b8d286e7893d4f258f261ab3d9c87c02cd5d262376cc8358cca99a
WA,ratio-optimal-area,pass,0,0,False,areasection,pass,True,True,True,1784,10,2188447.71728,0.912835251266,6f33ef95ede03f5df66ec04e90a2a0a2cfde5e5cc97974edda8e1725f8d4af3f
WA,prime-factor,pass,0,0,False,apportion-regions,pass,True,True,True,1784,10,2487589.40371,1.037611856318,3725956348d3d7d5b42509d2b6ec4db34ed8aa72c66d55dff148495483c22c32
VA,standard-bisect,pass,0,0,False,edge-weighted,pass,True,True,True,2198,11,1886265.31234,1.0,a9df92cde45f4987b6e9c55e0935c71fa3bdf9327a825321a73e66b6cb7ac665
VA,ratio-optimal,pass,0,0,False,geosection,pass,True,True,True,2198,11,1879157.62186,0.996231871289,5eebddb566208da64c11f389843f34fcd41042541fe639c203f2a25163bc1127
VA,ratio-optimal-area,pass,0,0,False,areasection,pass,True,True,True,2198,11,2082195.35648,1.103871943601,a0093743b390597e9f85547f678371dc6945bad65d478b4d6c136d02841504aa
VA,prime-factor,pass,0,0,False,apportion-regions,pass,True,True,True,2198,11,2018693.78489,1.070206705114,394cff3b19d8d8a0a203e385872d093aeafb1f3c86be8b1aa83087e5fb1d845b
NJ,standard-bisect,pass,0,0,False,edge-weighted,pass,True,True,True,2181,12,861616.34719,1.0,d0622fabcf9e48cf2187a3acf03b48ea14641685dd9cd580e438d1fa29286b95
NJ,ratio-optimal,pass,0,0,False,geosection,pass,True,True,True,2181,12,869708.44177,1.009391760737,2e1449ab87efaddf57249aba2de4b906ba546216cf8ef0174b82676f5f1f53fd
NJ,ratio-optimal-area,pass,0,0,False,areasection,pass,True,True,True,2181,12,859935.63933,0.998049354721,908adbc4c915c9f3b2b005648ddf7c93cd4d083475262672ede8d27a6bc21158
NJ,prime-factor,pass,0,0,False,apportion-regions,pass,True,True,True,2181,12,913155.7832,1.059817152005,e3e1a81a57971a0943dda45ec3ba8fe87550a7d54f322e55e896b3dc4e5b706e
MI,standard-bisect,pass,0,0,False,edge-weighted,pass,True,True,True,3017,13,2622646.32072,1.0,9c1fc526e33b11e7ea9b88c48bac226c5beb1c99df3d65155a837e9b39db5949
MI,ratio-optimal,pass,0,0,False,geosection,pass,True,True,True,3017,13,2364656.65208,0.901630019038,cb773821a723fcd5821f1b5699a91084152b8adc099f467b71d34fda2f9db453
MI,ratio-optimal-area,pass,0,0,False,areasection,pass,True,True,True,3017,13,2524714.10641,0.96265900837,35baf5a4207332b3451b3be1f72d0e61d5500698501ebbb0baeda1387a4d0da5
MI,prime-factor,pass,0,0,False,apportion-regions,pass,True,True,True,3017,13,2339397.392,0.891998808043,c084b583a3cfa1b223551bc7dc43a50f40a073214da271fe28e3c237aebdaa2c
GA,standard-bisect,pass,0,0,False,edge-weighted,pass,True,True,True,2796,14,2856057.85796,1.0,4f4bbd8164b403afa7d4dd2485aaec778b31dcc5e738117b840001e1ec30988e
GA,ratio-optimal,pass,0,0,False,geosection,pass,True,True,True,2796,14,2880307.68383,1.008490663381,a39bbec053ccd3db0b71310e53853969213e02030a5dc5c24986836f3089fff2
GA,ratio-optimal-area,pass,0,0,False,areasection,pass,True,True,True,2796,14,2713493.16306,0.950083400971,0254ce4efdd107f2739758d6e48312263be02326f5076010092e0627761a6b17
GA,prime-factor,pass,0,0,False,apportion-regions,pass,True,True,True,2796,14,2619006.25281,0.91700041913,0bdd92e5e6f710a1c2e8bfc91f02e304f05f7a4cab8018df38aabcc729dbc1bc
NC,standard-bisect,pass,0,0,False,edge-weighted,pass,True,True,True,2672,14,2629750.19921,1.0,41e05dd2aaaf7fb4568ce7e0debb4d085851ee1865208043881f1cfd0a85052f
NC,ratio-optimal,pass,0,0,False,geosection,pass,True,True,True,2672,14,2916038.31147,1.108865135687,7a23912a6943c2f8894cd04cc916f905b5271d03c151178331bcad2de3263555
NC,ratio-optimal-area,pass,0,0,False,areasection,pass,True,True,True,2672,14,2566319.84886,0.975879705088,2143e2f544abd704564fc08a837c5147cc4f19f14c92038de45c51a71a20206a
NC,prime-factor,pass,0,0,False,apportion-regions,pass,True,True,True,2672,14,2804269.78612,1.066363560677,b64fe3debe6ce69e30a00a9f86a920797b2249248ecef1a9f4943d98192326d9
OH,standard-bisect,pass,0,0,False,edge-weighted,pass,True,True,True,3168,15,2719047.10641,1.0,bc00a8b10949143ce52b58c58303b31f67ab22d514bec5cdabda9c8b61575d4e
OH,ratio-optimal,pass,0,0,False,geosection,pass,True,True,True,3168,15,2588664.25527,0.952048329419,92a5e7e4d5d92c598c8efd06468084c4a6f5e96bfcdac5a9598b235eb9d56d25
OH,ratio-optimal-area,pass,0,0,False,areasection,pass,True,True,True,3168,15,2774524.05909,1.020403086268,0b0669e0c98971c503dbf9e370c7f9de9b0ebd1e16b5886a189af8a9c595656f
OH,prime-factor,pass,0,0,False,apportion-regions,pass,True,True,True,3168,15,2557787.74617,0.940692693459,e9328c0b7064c3def9e252c6f5625168aa0e6a20231ff6f1b38d0275d34ef75b
IL,standard-bisect,pass,0,0,False,edge-weighted,pass,True,True,True,3265,17,2742417.95414,1.0,12ad9fa3bf832eef5a7952c44fa98eafd64cc40f32e504d9afc21853d20d9069
IL,ratio-optimal,pass,0,0,False,geosection,pass,True,True,True,3265,17,2326489.55473,0.848335153005,ccae8358befe68b7e1c62b65c7963b65287a9966aad2d741f92a559575b69fe7
IL,ratio-optimal-area,pass,0,0,False,areasection,pass,True,True,True,3265,17,2877760.04185,1.049351371663,60b1f40b025347f95587ce36b8765a8fc09b0335d56975fc796c51e794613343
IL,prime-factor,pass,0,0,False,apportion-regions,pass,True,True,True,3265,17,2945870.00655,1.074187106346,8c1d53396b1963b633f9501249fc51ae79396f63ac9907a5c6b77c34290a56db
PA,standard-bisect,pass,0,0,False,edge-weighted,pass,True,True,True,3446,17,2740781.58057,1.0,9aec74208edd5682e0dda8de36bc9f5db4306ad74d248fb18076806ee96e5174
PA,ratio-optimal,pass,0,0,False,geosection,pass,True,True,True,3446,17,2687785.61608,0.980663922705,7f1fd6503a29463ea5596b289dd5fbef4df594cc49029591ae57f4da9d7a5c38
PA,ratio-optimal-area,pass,0,0,False,areasection,pass,True,True,True,3446,17,3102795.35372,1.132084138231,b0410f4d1c98853b72845f8c0fa48bf4bfd8885391ad2565824618759af0454a
PA,prime-factor,pass,0,0,False,apportion-regions,pass,True,True,True,3446,17,2995757.44263,1.093030347207,d26d69c2a24e3b67bf7a6385c1222823f02e193511fd6f87f6cac9db4daf61bf
NY,standard-bisect,pass,0,0,False,edge-weighted,pass,True,True,True,5411,26,2512596.12169,1.0,43fda77e1a5fe76f7dd1cb9ed9cf57b2d37c8daa5c4b4ff136f343880085e004
NY,ratio-optimal,pass,0,0,False,geosection,pass,True,True,True,5411,26,2622937.7587,1.043915389369,88c28a67adb7bf22f4418b3ab37e04d342b4c71735d71b6ff16d8d1813897e59
NY,ratio-optimal-area,pass,0,0,False,areasection,pass,True,True,True,5411,26,2578064.59025,1.026056105076,d832b49c1c778d5a8c7cbf3beec4b6a846c860bd44fcc90a2c95b54a6400ed7a
NY,prime-factor,pass,0,0,False,apportion-regions,pass,True,True,True,5411,26,2866543.92281,1.140869357421,7be46c573f87ad2ab3a387c20764bfb6cce061bb4a3d2979a8ad02b60fb88b49
FL,standard-bisect,pass,0,0,False,edge-weighted,pass,True,True,True,5160,28,4068732.3488,1.0,5fa6a4b65056a2e3295a94f4e6e97687ea1e847b151317a9cb1cb00a37e9be65
FL,ratio-optimal,pass,0,0,False,geosection,pass,True,True,True,5160,28,4081954.12789,1.003249606501,c06bcc238dd3793370048c1ac548ecc6052afc67ef7a102fddd0662cd3fcd90c
FL,ratio-optimal-area,pass,0,0,False,areasection,pass,True,True,True,5160,28,4043910.23866,0.993899301303,4d348956e59babcec1250b60cf95e6d0f55d8f46a50bdca70bd9cbb168789584
FL,prime-factor,pass,0,0,False,apportion-regions,pass,True,True,True,5160,28,4632081.59294,1.138458172189,6dcad21d30d75afa5192c1b17a8f888d46aa31d0b432c344086b22eeca0cb8ed
TX,standard-bisect,pass,0,0,False,edge-weighted,pass,True,True,True,6896,38,10564135.28387,1.0,df722c7cb9c682b03864a6f8bc300e809fc427aff7da851035c69aa1fdc1765c
TX,ratio-optimal,pass,0,0,False,geosection,pass,True,True,True,6896,38,9148411.427,0.865987719882,d80dbbdbed868c6726a01c9354111c0fe3ab2373d55864dbbb9dee0d3e8ec0ad
TX,ratio-optimal-area,pass,0,0,False,areasection,pass,True,True,True,6896,38,8876555.29057,0.840253844924,28562ad0d4354aeebff4b74c5a353953730827e4840074a12e8812dcfe804201
TX,prime-factor,pass,0,0,False,apportion-regions,pass,True,True,True,6896,38,9519811.90248,0.901144452118,8dbe212f73b6c74691a68735b2ebb29fe8f27f05d51186eeb5ff12a2f391f168
