state,left,right,matched_units,different_units,matched_unit_rate
RI,standard-bisect,ratio-optimal,250,0,1.0
RI,standard-bisect,ratio-optimal-area,250,0,1.0
RI,standard-bisect,prime-factor,247,3,0.988
RI,ratio-optimal,ratio-optimal-area,250,0,1.0
RI,ratio-optimal,prime-factor,247,3,0.988
RI,ratio-optimal-area,prime-factor,247,3,0.988
NE,standard-bisect,ratio-optimal,553,0,1.0
NE,standard-bisect,ratio-optimal-area,357,196,0.6455696202531646
NE,standard-bisect,prime-factor,529,24,0.9566003616636528
NE,ratio-optimal,ratio-optimal-area,357,196,0.6455696202531646
NE,ratio-optimal,prime-factor,529,24,0.9566003616636528
NE,ratio-optimal-area,prime-factor,355,198,0.6419529837251357
CT,standard-bisect,ratio-optimal,466,417,0.5277463193657984
CT,standard-bisect,ratio-optimal-area,525,358,0.594563986409966
CT,standard-bisect,prime-factor,676,207,0.7655719139297849
CT,ratio-optimal,ratio-optimal-area,571,312,0.6466591166477916
CT,ratio-optimal,prime-factor,539,344,0.6104190260475651
CT,ratio-optimal-area,prime-factor,576,307,0.652321630804077
KY,standard-bisect,ratio-optimal,1096,210,0.8392036753445635
KY,standard-bisect,ratio-optimal-area,1035,271,0.7924961715160797
KY,standard-bisect,prime-factor,836,470,0.6401225114854517
KY,ratio-optimal,ratio-optimal-area,1042,264,0.7978560490045942
KY,ratio-optimal,prime-factor,926,380,0.7090352220520674
KY,ratio-optimal-area,prime-factor,936,370,0.7166921898928025
SC,standard-bisect,ratio-optimal,1323,0,1.0
SC,standard-bisect,ratio-optimal-area,816,507,0.6167800453514739
SC,standard-bisect,prime-factor,863,460,0.6523053665910808
SC,ratio-optimal,ratio-optimal-area,816,507,0.6167800453514739
SC,ratio-optimal,prime-factor,863,460,0.6523053665910808
SC,ratio-optimal-area,prime-factor,794,529,0.600151171579743
WI,standard-bisect,ratio-optimal,938,604,0.6083009079118028
WI,standard-bisect,ratio-optimal-area,1015,527,0.6582360570687419
WI,standard-bisect,prime-factor,1185,357,0.7684824902723736
WI,ratio-optimal,ratio-optimal-area,1001,541,0.6491569390402075
WI,ratio-optimal,prime-factor,816,726,0.5291828793774319
WI,ratio-optimal-area,prime-factor,897,645,0.5817120622568094
AZ,standard-bisect,ratio-optimal,1031,734,0.5841359773371105
AZ,standard-bisect,ratio-optimal-area,897,868,0.5082152974504249
AZ,standard-bisect,prime-factor,1070,695,0.6062322946175638
AZ,ratio-optimal,ratio-optimal-area,1185,580,0.6713881019830028
AZ,ratio-optimal,prime-factor,1208,557,0.6844192634560906
AZ,ratio-optimal-area,prime-factor,1102,663,0.6243626062322947
CA,standard-bisect,ratio-optimal,5165,3964,0.5657793843794501
CA,standard-bisect,ratio-optimal-area,4865,4264,0.5329170774455033
CA,standard-bisect,prime-factor,4963,4166,0.5436520977105926
CA,ratio-optimal,ratio-optimal-area,5595,3534,0.6128820243181071
CA,ratio-optimal,prime-factor,4479,4650,0.49063424252382515
CA,ratio-optimal-area,prime-factor,4968,4161,0.5441998028261584
HI,standard-bisect,ratio-optimal,461,0,1.0
HI,standard-bisect,ratio-optimal-area,461,0,1.0
HI,standard-bisect,prime-factor,461,0,1.0
HI,ratio-optimal,ratio-optimal-area,461,0,1.0
HI,ratio-optimal,prime-factor,461,0,1.0
HI,ratio-optimal-area,prime-factor,461,0,1.0
ID,standard-bisect,ratio-optimal,456,0,1.0
ID,standard-bisect,ratio-optimal-area,456,0,1.0
ID,standard-bisect,prime-factor,448,8,0.9824561403508771
ID,ratio-optimal,ratio-optimal-area,456,0,1.0
ID,ratio-optimal,prime-factor,448,8,0.9824561403508771
ID,ratio-optimal-area,prime-factor,448,8,0.9824561403508771
ME,standard-bisect,ratio-optimal,407,0,1.0
ME,standard-bisect,ratio-optimal-area,407,0,1.0
ME,standard-bisect,prime-factor,404,3,0.9926289926289926
ME,ratio-optimal,ratio-optimal-area,407,0,1.0
ME,ratio-optimal,prime-factor,404,3,0.9926289926289926
ME,ratio-optimal-area,prime-factor,404,3,0.9926289926289926
MT,standard-bisect,ratio-optimal,319,0,1.0
MT,standard-bisect,ratio-optimal-area,319,0,1.0
MT,standard-bisect,prime-factor,319,0,1.0
MT,ratio-optimal,ratio-optimal-area,319,0,1.0
MT,ratio-optimal,prime-factor,319,0,1.0
MT,ratio-optimal-area,prime-factor,319,0,1.0
NH,standard-bisect,ratio-optimal,350,0,1.0
NH,standard-bisect,ratio-optimal-area,350,0,1.0
NH,standard-bisect,prime-factor,237,113,0.6771428571428572
NH,ratio-optimal,ratio-optimal-area,350,0,1.0
NH,ratio-optimal,prime-factor,237,113,0.6771428571428572
NH,ratio-optimal-area,prime-factor,237,113,0.6771428571428572
WV,standard-bisect,ratio-optimal,546,0,1.0
WV,standard-bisect,ratio-optimal-area,546,0,1.0
WV,standard-bisect,prime-factor,544,2,0.9963369963369964
WV,ratio-optimal,ratio-optimal-area,546,0,1.0
WV,ratio-optimal,prime-factor,544,2,0.9963369963369964
WV,ratio-optimal-area,prime-factor,544,2,0.9963369963369964
NM,standard-bisect,ratio-optimal,612,0,1.0
NM,standard-bisect,ratio-optimal-area,587,25,0.9591503267973857
NM,standard-bisect,prime-factor,558,54,0.9117647058823529
NM,ratio-optimal,ratio-optimal-area,587,25,0.9591503267973857
NM,ratio-optimal,prime-factor,558,54,0.9117647058823529
NM,ratio-optimal-area,prime-factor,573,39,0.9362745098039216
AR,standard-bisect,ratio-optimal,656,167,0.7970838396111786
AR,standard-bisect,ratio-optimal-area,578,245,0.7023086269744836
AR,standard-bisect,prime-factor,818,5,0.9939246658566221
AR,ratio-optimal,ratio-optimal-area,655,168,0.795868772782503
AR,ratio-optimal,prime-factor,657,166,0.7982989064398542
AR,ratio-optimal-area,prime-factor,575,248,0.6986634264884569
IA,standard-bisect,ratio-optimal,896,0,1.0
IA,standard-bisect,ratio-optimal-area,800,96,0.8928571428571429
IA,standard-bisect,prime-factor,866,30,0.9665178571428571
IA,ratio-optimal,ratio-optimal-area,800,96,0.8928571428571429
IA,ratio-optimal,prime-factor,866,30,0.9665178571428571
IA,ratio-optimal-area,prime-factor,794,102,0.8861607142857143
KS,standard-bisect,ratio-optimal,591,238,0.7129071170084439
KS,standard-bisect,ratio-optimal-area,635,194,0.7659831121833535
KS,standard-bisect,prime-factor,788,41,0.9505428226779252
KS,ratio-optimal,ratio-optimal-area,713,116,0.8600723763570567
KS,ratio-optimal,prime-factor,584,245,0.7044632086851629
KS,ratio-optimal-area,prime-factor,626,203,0.7551266586248492
MS,standard-bisect,ratio-optimal,878,0,1.0
MS,standard-bisect,ratio-optimal-area,787,91,0.8963553530751709
MS,standard-bisect,prime-factor,837,41,0.9533029612756264
MS,ratio-optimal,ratio-optimal-area,787,91,0.8963553530751709
MS,ratio-optimal,prime-factor,837,41,0.9533029612756264
MS,ratio-optimal-area,prime-factor,784,94,0.8929384965831435
NV,standard-bisect,ratio-optimal,677,102,0.8690629011553274
NV,standard-bisect,ratio-optimal-area,456,323,0.5853658536585366
NV,standard-bisect,prime-factor,696,83,0.8934531450577664
NV,ratio-optimal,ratio-optimal-area,476,303,0.6110397946084724
NV,ratio-optimal,prime-factor,684,95,0.8780487804878049
NV,ratio-optimal-area,prime-factor,479,300,0.6148908857509627
UT,standard-bisect,ratio-optimal,415,301,0.5796089385474861
UT,standard-bisect,ratio-optimal-area,480,236,0.6703910614525139
UT,standard-bisect,prime-factor,622,94,0.8687150837988827
UT,ratio-optimal,ratio-optimal-area,341,375,0.4762569832402235
UT,ratio-optimal,prime-factor,414,302,0.5782122905027933
UT,ratio-optimal-area,prime-factor,465,251,0.6494413407821229
OK,standard-bisect,ratio-optimal,896,309,0.7435684647302905
OK,standard-bisect,ratio-optimal-area,722,483,0.5991701244813278
OK,standard-bisect,prime-factor,967,238,0.8024896265560166
OK,ratio-optimal,ratio-optimal-area,812,393,0.6738589211618258
OK,ratio-optimal,prime-factor,862,343,0.7153526970954357
OK,ratio-optimal-area,prime-factor,686,519,0.5692946058091286
LA,standard-bisect,ratio-optimal,1388,0,1.0
LA,standard-bisect,ratio-optimal-area,896,492,0.6455331412103746
LA,standard-bisect,prime-factor,912,476,0.6570605187319885
LA,ratio-optimal,ratio-optimal-area,896,492,0.6455331412103746
LA,ratio-optimal,prime-factor,912,476,0.6570605187319885
LA,ratio-optimal-area,prime-factor,949,439,0.6837175792507204
OR,standard-bisect,ratio-optimal,681,320,0.6803196803196803
OR,standard-bisect,ratio-optimal-area,569,432,0.5684315684315684
OR,standard-bisect,prime-factor,519,482,0.5184815184815185
OR,ratio-optimal,ratio-optimal-area,558,443,0.5574425574425574
OR,ratio-optimal,prime-factor,723,278,0.7222777222777222
OR,ratio-optimal-area,prime-factor,611,390,0.6103896103896104
AL,standard-bisect,ratio-optimal,1437,0,1.0
AL,standard-bisect,ratio-optimal-area,1030,407,0.7167710508002784
AL,standard-bisect,prime-factor,1081,356,0.7522616562282533
AL,ratio-optimal,ratio-optimal-area,1030,407,0.7167710508002784
AL,ratio-optimal,prime-factor,1081,356,0.7522616562282533
AL,ratio-optimal-area,prime-factor,946,491,0.6583159359777314
CO,standard-bisect,ratio-optimal,939,508,0.6489288182446441
CO,standard-bisect,ratio-optimal-area,745,702,0.5148583275742916
CO,standard-bisect,prime-factor,877,570,0.6060815480304077
CO,ratio-optimal,ratio-optimal-area,911,536,0.6295784381478922
CO,ratio-optimal,prime-factor,725,722,0.5010366275051832
CO,ratio-optimal-area,prime-factor,698,749,0.4823773324118867
MD,standard-bisect,ratio-optimal,983,492,0.6664406779661017
MD,standard-bisect,ratio-optimal-area,765,710,0.5186440677966102
MD,standard-bisect,prime-factor,989,486,0.6705084745762712
MD,ratio-optimal,ratio-optimal-area,1025,450,0.6949152542372882
MD,ratio-optimal,prime-factor,1068,407,0.7240677966101695
MD,ratio-optimal-area,prime-factor,795,680,0.5389830508474577
MN,standard-bisect,ratio-optimal,1031,474,0.6850498338870432
MN,standard-bisect,ratio-optimal-area,781,724,0.518936877076412
MN,standard-bisect,prime-factor,1021,484,0.6784053156146179
MN,ratio-optimal,ratio-optimal-area,896,609,0.5953488372093023
MN,ratio-optimal,prime-factor,891,614,0.5920265780730897
MN,ratio-optimal-area,prime-factor,784,721,0.5209302325581395
MO,standard-bisect,ratio-optimal,1028,626,0.6215235792019347
MO,standard-bisect,ratio-optimal-area,860,794,0.5199516324062878
MO,standard-bisect,prime-factor,1167,487,0.7055622732769045
MO,ratio-optimal,ratio-optimal-area,1070,584,0.6469165659008465
MO,ratio-optimal,prime-factor,1148,506,0.694074969770254
MO,ratio-optimal-area,prime-factor,1121,533,0.6777509068923822
IN,standard-bisect,ratio-optimal,1113,583,0.65625
IN,standard-bisect,ratio-optimal-area,1041,655,0.6137971698113207
IN,standard-bisect,prime-factor,988,708,0.5825471698113207
IN,ratio-optimal,ratio-optimal-area,1146,550,0.6757075471698113
IN,ratio-optimal,prime-factor,1276,420,0.7523584905660378
IN,ratio-optimal-area,prime-factor,1261,435,0.7435141509433962
MA,standard-bisect,ratio-optimal,1041,579,0.6425925925925926
MA,standard-bisect,ratio-optimal-area,943,677,0.5820987654320988
MA,standard-bisect,prime-factor,1081,539,0.667283950617284
MA,ratio-optimal,ratio-optimal-area,1191,429,0.7351851851851852
MA,ratio-optimal,prime-factor,1206,414,0.7444444444444445
MA,ratio-optimal-area,prime-factor,1018,602,0.6283950617283951
TN,standard-bisect,ratio-optimal,1600,101,0.940623162845385
TN,standard-bisect,ratio-optimal-area,1416,285,0.8324514991181657
TN,standard-bisect,prime-factor,1308,393,0.7689594356261023
TN,ratio-optimal,ratio-optimal-area,1458,243,0.8571428571428571
TN,ratio-optimal,prime-factor,1357,344,0.7977660199882423
TN,ratio-optimal-area,prime-factor,1447,254,0.8506760728982952
WA,standard-bisect,ratio-optimal,1226,558,0.6872197309417041
WA,standard-bisect,ratio-optimal-area,1303,481,0.7303811659192825
WA,standard-bisect,prime-factor,1347,437,0.7550448430493274
WA,ratio-optimal,ratio-optimal-area,1136,648,0.6367713004484304
WA,ratio-optimal,prime-factor,1145,639,0.6418161434977578
WA,ratio-optimal-area,prime-factor,1220,564,0.6838565022421524
VA,standard-bisect,ratio-optimal,1389,809,0.6319381255686988
VA,standard-bisect,ratio-optimal-area,1543,655,0.7020018198362148
VA,standard-bisect,prime-factor,1575,623,0.7165605095541401
VA,ratio-optimal,ratio-optimal-area,1703,495,0.7747952684258417
VA,ratio-optimal,prime-factor,1352,846,0.6151046405823476
VA,ratio-optimal-area,prime-factor,1378,820,0.626933575978162
NJ,standard-bisect,ratio-optimal,1441,740,0.6607060981201284
NJ,standard-bisect,ratio-optimal-area,1648,533,0.7556166895919303
NJ,standard-bisect,prime-factor,1283,898,0.5882622650160477
NJ,ratio-optimal,ratio-optimal-area,1706,475,0.7822099954149473
NJ,ratio-optimal,prime-factor,1467,714,0.672627235213205
NJ,ratio-optimal-area,prime-factor,1536,645,0.7042640990371389
MI,standard-bisect,ratio-optimal,1598,1419,0.5296652303612861
MI,standard-bisect,ratio-optimal-area,1662,1355,0.5508783559827644
MI,standard-bisect,prime-factor,1691,1326,0.5604905535299967
MI,ratio-optimal,ratio-optimal-area,1888,1129,0.6257872058336096
MI,ratio-optimal,prime-factor,1741,1276,0.5770633079217766
MI,ratio-optimal-area,prime-factor,1652,1365,0.5475638051044084
GA,standard-bisect,ratio-optimal,1581,1215,0.5654506437768241
GA,standard-bisect,ratio-optimal-area,1683,1113,0.601931330472103
GA,standard-bisect,prime-factor,1425,1371,0.509656652360515
GA,ratio-optimal,ratio-optimal-area,1517,1279,0.5425608011444921
GA,ratio-optimal,prime-factor,1828,968,0.65379113018598
GA,ratio-optimal-area,prime-factor,1493,1303,0.5339771101573677
NC,standard-bisect,ratio-optimal,1731,941,0.6478293413173652
NC,standard-bisect,ratio-optimal-area,1890,782,0.7073353293413174
NC,standard-bisect,prime-factor,1728,944,0.6467065868263473
NC,ratio-optimal,ratio-optimal-area,1622,1050,0.6070359281437125
NC,ratio-optimal,prime-factor,1615,1057,0.6044161676646707
NC,ratio-optimal-area,prime-factor,1744,928,0.6526946107784432
OH,standard-bisect,ratio-optimal,1811,1357,0.5716540404040404
OH,standard-bisect,ratio-optimal-area,1566,1602,0.4943181818181818
OH,standard-bisect,prime-factor,1804,1364,0.5694444444444444
OH,ratio-optimal,ratio-optimal-area,1806,1362,0.5700757575757576
OH,ratio-optimal,prime-factor,1946,1222,0.6142676767676768
OH,ratio-optimal-area,prime-factor,1945,1223,0.6139520202020202
IL,standard-bisect,ratio-optimal,1929,1336,0.590811638591118
IL,standard-bisect,ratio-optimal-area,1568,1697,0.48024502297090355
IL,standard-bisect,prime-factor,1875,1390,0.5742725880551302
IL,ratio-optimal,ratio-optimal-area,2013,1252,0.6165390505359878
IL,ratio-optimal,prime-factor,2033,1232,0.6226646248085758
IL,ratio-optimal-area,prime-factor,2006,1259,0.6143950995405819
PA,standard-bisect,ratio-optimal,2405,1041,0.6979106210098666
PA,standard-bisect,ratio-optimal-area,2321,1125,0.6735345327916424
PA,standard-bisect,prime-factor,1818,1628,0.5275681950087058
PA,ratio-optimal,ratio-optimal-area,2139,1307,0.6207196749854904
PA,ratio-optimal,prime-factor,1838,1608,0.5333720255368544
PA,ratio-optimal-area,prime-factor,1927,1519,0.5591990713871154
NY,standard-bisect,ratio-optimal,3828,1583,0.7074477915357605
NY,standard-bisect,ratio-optimal-area,3684,1727,0.6808353354278321
NY,standard-bisect,prime-factor,3059,2352,0.5653298835705045
NY,ratio-optimal,ratio-optimal-area,3539,1872,0.6540380705969322
NY,ratio-optimal,prime-factor,3056,2355,0.5647754574015894
NY,ratio-optimal-area,prime-factor,2992,2419,0.552947699131399
FL,standard-bisect,ratio-optimal,3316,1844,0.6426356589147287
FL,standard-bisect,ratio-optimal-area,3379,1781,0.6548449612403101
FL,standard-bisect,prime-factor,3507,1653,0.6796511627906977
FL,ratio-optimal,ratio-optimal-area,3212,1948,0.6224806201550388
FL,ratio-optimal,prime-factor,3296,1864,0.6387596899224807
FL,ratio-optimal-area,prime-factor,3295,1865,0.6385658914728682
TX,standard-bisect,ratio-optimal,3842,3054,0.5571345707656613
TX,standard-bisect,ratio-optimal-area,3729,3167,0.5407482598607889
TX,standard-bisect,prime-factor,3727,3169,0.5404582366589327
TX,ratio-optimal,ratio-optimal-area,3802,3094,0.5513341067285383
TX,ratio-optimal,prime-factor,3504,3392,0.5081206496519721
TX,ratio-optimal-area,prime-factor,3775,3121,0.5474187935034803
