year,state,path,seats,child_seats_left,child_seats_right,equal_child_seats,unit_count,minimum_deviation_candidates,minimum_deviation_cut_candidates,minimum_deviation_cut_partitions,orientation_only_tie,physical_cut_opportunity,nrs_v0_2_fallback_activated,nrs_v0_3_fallback_activated,assignment_match,objective_match
2000,AL,0,3,2,1,false,75032,1,1,1,false,false,false,false,true,true
2000,AL,1,4,2,2,true,100188,2,2,1,true,false,false,false,true,true
2000,AL,00,2,1,1,true,51590,2,2,1,true,false,false,false,true,true
2000,AL,10,2,1,1,true,47417,2,2,1,true,false,false,false,true,true
2000,AL,11,2,1,1,true,52771,4,2,1,true,false,false,false,true,true
2000,AL,root,7,3,4,false,175220,1,1,1,false,false,false,false,true,true
2000,AR,0,2,1,1,true,71383,2,2,1,true,false,false,false,true,true
2000,AR,1,2,1,1,true,69795,2,2,1,true,false,false,false,true,true
2000,AR,root,4,2,2,true,141178,2,2,1,true,false,false,false,true,true
2000,AZ,0,4,2,2,true,96932,2,2,1,true,false,false,false,true,true
2000,AZ,1,4,2,2,true,61362,2,2,1,true,false,false,false,true,true
2000,AZ,00,2,1,1,true,74798,2,2,1,true,false,false,false,true,true
2000,AZ,01,2,1,1,true,22134,2,2,1,true,false,false,false,true,true
2000,AZ,10,2,1,1,true,39163,4,2,1,true,false,true,false,true,true
2000,AZ,11,2,1,1,true,22199,2,2,1,true,false,false,false,true,true
2000,AZ,root,8,4,4,true,158294,2,2,1,true,false,false,false,true,true
2000,CA,0,27,13,14,false,350285,1,1,1,false,false,false,false,true,true
2000,CA,1,26,13,13,true,182878,2,2,1,true,false,false,false,true,true
2000,CA,00,13,6,7,false,176866,6,1,1,false,false,false,false,true,true
2000,CA,01,14,7,7,true,173419,2,2,1,true,false,false,false,true,true
2000,CA,10,13,6,7,false,94434,1,1,1,false,false,false,false,true,true
2000,CA,11,13,6,7,false,88444,2,1,1,false,false,false,false,true,true
2000,CA,000,6,3,3,true,84308,2,2,1,true,false,false,false,true,true
2000,CA,001,7,4,3,false,92558,1,1,1,false,false,false,false,true,true
2000,CA,010,7,4,3,false,67362,1,1,1,false,false,false,false,true,true
2000,CA,011,7,4,3,false,106057,1,1,1,false,false,false,false,true,true
2000,CA,100,6,3,3,true,55168,2,2,1,true,false,false,false,true,true
2000,CA,101,7,3,4,false,39266,1,1,1,false,false,false,false,true,true
2000,CA,110,6,3,3,true,45666,2,2,1,true,false,false,false,true,true
2000,CA,111,7,4,3,false,42778,2,1,1,false,false,false,false,true,true
2000,CA,0000,3,2,1,false,65705,1,1,1,false,false,false,false,true,true
2000,CA,0001,3,1,2,false,18603,1,1,1,false,false,false,false,true,true
2000,CA,0010,4,2,2,true,69154,2,2,1,true,false,false,false,true,true
2000,CA,0011,3,1,2,false,23404,1,1,1,false,false,false,false,true,true
2000,CA,0100,4,2,2,true,26074,2,2,1,true,false,false,false,true,true
2000,CA,0101,3,1,2,false,41288,1,1,1,false,false,false,false,true,true
2000,CA,0110,4,2,2,true,87715,2,2,1,true,false,false,false,true,true
2000,CA,0111,3,2,1,false,18342,1,1,1,false,false,false,false,true,true
2000,CA,1000,3,1,2,false,39057,1,1,1,false,false,false,false,true,true
2000,CA,1001,3,1,2,false,16111,1,1,1,false,false,false,false,true,true
2000,CA,1010,3,1,2,false,17881,1,1,1,false,false,false,false,true,true
2000,CA,1011,4,2,2,true,21385,2,2,1,true,false,false,false,true,true
2000,CA,1100,3,1,2,false,27173,1,1,1,false,false,false,false,true,true
2000,CA,1101,3,2,1,false,18493,1,1,1,false,false,false,false,true,true
2000,CA,1110,4,2,2,true,25178,8,2,1,true,false,false,false,true,true
2000,CA,1111,3,1,2,false,17600,1,1,1,false,false,false,false,true,true
2000,CA,root,53,27,26,false,533163,1,1,1,false,false,false,false,true,true
2000,CA,00000,2,1,1,true,45005,2,2,1,true,false,false,false,true,true
2000,CA,00011,2,1,1,true,11682,2,2,1,true,false,false,false,true,true
2000,CA,00100,2,1,1,true,31564,2,2,1,true,false,false,false,true,true
2000,CA,00101,2,1,1,true,37590,2,2,1,true,false,false,false,true,true
2000,CA,00111,2,1,1,true,16643,2,2,1,true,false,false,false,true,true
2000,CA,01000,2,1,1,true,13634,2,2,1,true,false,false,false,true,true
2000,CA,01001,2,1,1,true,12440,2,2,1,true,false,false,false,true,true
2000,CA,01011,2,1,1,true,26365,4,2,1,true,false,false,false,true,true
2000,CA,01100,2,1,1,true,38557,4,2,1,true,false,false,false,true,true
2000,CA,01101,2,1,1,true,49158,2,2,1,true,false,false,false,true,true
2000,CA,01110,2,1,1,true,12153,2,2,1,true,false,false,false,true,true
2000,CA,10001,2,1,1,true,15273,2,2,1,true,false,false,false,true,true
2000,CA,10011,2,1,1,true,10186,2,2,1,true,false,false,false,true,true
2000,CA,10101,2,1,1,true,12179,2,2,1,true,false,false,false,true,true
2000,CA,10110,2,1,1,true,11285,2,2,1,true,false,false,false,true,true
2000,CA,10111,2,1,1,true,10100,2,2,1,true,false,false,false,true,true
2000,CA,11001,2,1,1,true,15811,2,2,1,true,false,false,false,true,true
2000,CA,11010,2,1,1,true,12888,6,2,1,true,false,true,false,true,true
2000,CA,11100,2,1,1,true,14500,2,2,1,true,false,false,false,true,true
2000,CA,11101,2,1,1,true,10678,2,2,1,true,false,false,false,true,true
2000,CA,11111,2,1,1,true,11523,6,2,1,true,false,false,false,true,true
2000,CO,0,3,2,1,false,49073,1,1,1,false,false,false,false,true,true
2000,CO,1,4,2,2,true,91967,2,2,1,true,false,false,false,true,true
2000,CO,00,2,1,1,true,36617,2,2,1,true,false,false,false,true,true
2000,CO,10,2,1,1,true,54551,2,2,1,true,false,false,false,true,true
2000,CO,11,2,1,1,true,37416,2,2,1,true,false,false,false,true,true
2000,CO,root,7,3,4,false,141040,1,1,1,false,false,false,false,true,true
2000,CT,0,3,1,2,false,33045,1,1,1,false,false,false,false,true,true
2000,CT,1,2,1,1,true,20790,6,2,1,true,false,false,false,true,true
2000,CT,01,2,1,1,true,21231,2,2,1,true,false,false,false,true,true
2000,CT,root,5,3,2,false,53835,1,1,1,false,false,false,false,true,true
2000,FL,0,13,7,6,false,211826,1,1,1,false,false,false,false,true,true
2000,FL,1,12,6,6,true,150673,2,2,1,true,false,false,false,true,true
2000,FL,00,7,3,4,false,124136,1,1,1,false,false,false,false,true,true
2000,FL,01,6,3,3,true,87690,2,2,1,true,false,false,false,true,true
2000,FL,10,6,3,3,true,89271,4,2,1,true,false,false,false,true,true
2000,FL,11,6,3,3,true,61402,2,2,1,true,false,false,false,true,true
2000,FL,000,3,2,1,false,70067,1,1,1,false,false,false,false,true,true
2000,FL,001,4,2,2,true,54069,2,2,1,true,false,false,false,true,true
2000,FL,010,3,2,1,false,47273,1,1,1,false,false,false,false,true,true
2000,FL,011,3,2,1,false,40417,1,1,1,false,false,false,false,true,true
2000,FL,100,3,2,1,false,41067,1,1,1,false,false,false,false,true,true
2000,FL,101,3,2,1,false,48204,1,1,1,false,false,false,false,true,true
2000,FL,110,3,1,2,false,23173,1,1,1,false,false,false,false,true,true
2000,FL,111,3,2,1,false,38229,1,1,1,false,false,false,false,true,true
2000,FL,0000,2,1,1,true,45784,2,2,1,true,false,false,false,true,true
2000,FL,0010,2,1,1,true,28543,6,2,1,true,false,false,false,true,true
2000,FL,0011,2,1,1,true,25526,4,2,1,true,false,false,false,true,true
2000,FL,0100,2,1,1,true,36435,2,2,1,true,false,false,false,true,true
2000,FL,0110,2,1,1,true,25795,2,2,1,true,false,false,false,true,true
2000,FL,1000,2,1,1,true,34084,2,2,1,true,false,false,false,true,true
2000,FL,1010,2,1,1,true,38407,8,2,1,true,false,false,false,true,true
2000,FL,1101,2,1,1,true,15078,4,2,1,true,false,false,false,true,true
2000,FL,1110,2,1,1,true,28612,4,2,1,true,false,false,false,true,true
2000,FL,root,25,13,12,false,362499,1,1,1,false,false,false,false,true,true
2000,GA,0,7,3,4,false,103396,1,1,1,false,false,false,false,true,true
2000,GA,1,6,3,3,true,111180,2,2,1,true,false,false,false,true,true
2000,GA,00,3,2,1,false,69378,1,1,1,false,false,false,false,true,true
2000,GA,01,4,2,2,true,34018,2,2,1,true,false,false,false,true,true
2000,GA,10,3,2,1,false,42231,1,1,1,false,false,false,false,true,true
2000,GA,11,3,2,1,false,68949,1,1,1,false,false,false,false,true,true
2000,GA,000,2,1,1,true,52782,18,2,1,true,false,false,false,true,true
2000,GA,010,2,1,1,true,20502,2,2,1,true,false,false,false,true,true
2000,GA,011,2,1,1,true,13516,2,2,1,true,false,false,false,true,true
2000,GA,100,2,1,1,true,34184,2,2,1,true,false,true,false,true,true
2000,GA,110,2,1,1,true,38887,2,2,1,true,false,false,false,true,true
2000,GA,root,13,7,6,false,214576,1,1,1,false,false,false,false,true,true
2000,HI,root,2,1,1,true,18990,2,2,1,true,false,true,true,true,true
2000,IA,0,2,1,1,true,56150,2,2,1,true,false,false,false,true,true
2000,IA,1,3,1,2,false,111925,1,1,1,false,false,false,false,true,true
2000,IA,11,2,1,1,true,89006,2,2,1,true,false,false,false,true,true
2000,IA,root,5,2,3,false,168075,1,1,1,false,false,false,false,true,true
2000,ID,root,2,1,1,true,88452,2,2,1,true,false,false,false,true,true
2000,IL,0,10,5,5,true,120552,2,2,1,true,false,false,false,true,true
2000,IL,1,9,4,5,false,245585,1,1,1,false,false,false,false,true,true
2000,IL,00,5,3,2,false,81109,1,1,1,false,false,false,false,true,true
2000,IL,01,5,3,2,false,39443,1,1,1,false,false,false,false,true,true
2000,IL,10,4,2,2,true,62908,2,2,1,true,false,false,false,true,true
2000,IL,11,5,3,2,false,182677,1,1,1,false,false,false,false,true,true
2000,IL,000,3,1,2,false,65820,1,1,1,false,false,false,false,true,true
2000,IL,001,2,1,1,true,15289,2,2,1,true,false,false,false,true,true
2000,IL,010,3,2,1,false,17021,1,1,1,false,false,false,false,true,true
2000,IL,011,2,1,1,true,22422,2,2,1,true,false,false,false,true,true
2000,IL,100,2,1,1,true,41994,2,2,1,true,false,false,false,true,true
2000,IL,101,2,1,1,true,20914,2,2,1,true,false,false,false,true,true
2000,IL,110,3,2,1,false,99032,4,1,1,false,false,false,false,true,true
2000,IL,111,2,1,1,true,83645,2,2,1,true,false,false,false,true,true
2000,IL,0001,2,1,1,true,46488,2,2,1,true,false,false,false,true,true
2000,IL,0100,2,1,1,true,10677,2,2,1,true,false,false,false,true,true
2000,IL,1100,2,1,1,true,68707,2,2,1,true,false,false,false,true,true
2000,IL,root,19,10,9,false,366137,1,1,1,false,false,false,false,true,true
2000,IN,0,4,2,2,true,87977,2,2,1,true,false,false,false,true,true
2000,IN,1,5,3,2,false,113344,1,1,1,false,false,false,false,true,true
2000,IN,00,2,1,1,true,35032,2,2,1,true,false,false,false,true,true
2000,IN,01,2,1,1,true,52945,2,2,1,true,false,false,false,true,true
2000,IN,10,3,2,1,false,58940,1,1,1,false,false,false,false,true,true
2000,IN,11,2,1,1,true,54404,2,2,1,true,false,false,false,true,true
2000,IN,100,2,1,1,true,43981,2,2,1,true,false,false,false,true,true
2000,IN,root,9,4,5,false,201321,1,1,1,false,false,false,false,true,true
2000,KS,0,2,1,1,true,69366,8,2,1,true,false,false,false,true,true
2000,KS,1,2,1,1,true,103741,2,2,1,true,false,false,false,true,true
2000,KS,root,4,2,2,true,173107,2,2,1,true,false,false,false,true,true
2000,KY,0,3,2,1,false,61590,1,1,1,false,false,false,false,true,true
2000,KY,1,3,2,1,false,60551,1,1,1,false,false,false,false,true,true
2000,KY,00,2,1,1,true,48387,2,2,1,true,false,false,false,true,true
2000,KY,10,2,1,1,true,32590,2,2,1,true,false,false,false,true,true
2000,KY,root,6,3,3,true,122141,2,2,1,true,false,false,false,true,true
2000,LA,0,3,1,2,false,43130,1,1,1,false,false,false,false,true,true
2000,LA,1,4,2,2,true,96737,2,2,1,true,false,false,false,true,true
2000,LA,01,2,1,1,true,25783,8,2,1,true,false,false,false,true,true
2000,LA,10,2,1,1,true,56797,2,2,1,true,false,false,false,true,true
2000,LA,11,2,1,1,true,39940,2,2,1,true,false,false,false,true,true
2000,LA,root,7,3,4,false,139867,1,1,1,false,false,false,false,true,true
2000,MA,0,5,2,3,false,54893,1,1,1,false,false,false,false,true,true
2000,MA,1,5,2,3,false,55104,1,1,1,false,false,false,false,true,true
2000,MA,00,2,1,1,true,22736,2,2,1,true,false,false,false,true,true
2000,MA,01,3,1,2,false,32157,1,1,1,false,false,false,false,true,true
2000,MA,10,2,1,1,true,18009,4,2,1,true,false,false,false,true,true
2000,MA,11,3,1,2,false,37095,1,1,1,false,false,false,false,true,true
2000,MA,011,2,1,1,true,18680,2,2,1,true,false,false,false,true,true
2000,MA,111,2,1,1,true,23654,2,2,1,true,false,false,false,true,true
2000,MA,root,10,5,5,true,109997,2,2,1,true,false,false,false,true,true
2000,MD,0,4,2,2,true,39698,2,2,1,true,false,false,false,true,true
2000,MD,1,4,2,2,true,39430,2,2,1,true,false,false,false,true,true
2000,MD,00,2,1,1,true,21176,2,2,1,true,false,false,false,true,true
2000,MD,01,2,1,1,true,18522,2,2,1,true,false,false,false,true,true
2000,MD,10,2,1,1,true,12773,2,2,1,true,false,false,false,true,true
2000,MD,11,2,1,1,true,26657,2,2,1,true,false,false,false,true,true
2000,MD,root,8,4,4,true,79128,2,2,1,true,false,false,false,true,true
2000,ME,root,2,1,1,true,56893,4,2,1,true,false,false,false,true,true
2000,MI,0,7,3,4,false,158831,1,1,1,false,false,false,false,true,true
2000,MI,1,8,4,4,true,100094,2,2,1,true,false,false,false,true,true
2000,MI,00,3,1,2,false,108006,1,1,1,false,false,false,false,true,true
2000,MI,01,4,2,2,true,50825,2,2,1,true,false,false,false,true,true
2000,MI,10,4,2,2,true,48698,2,2,1,true,false,false,false,true,true
2000,MI,11,4,2,2,true,51396,2,2,1,true,false,false,false,true,true
2000,MI,001,2,1,1,true,56260,2,2,1,true,false,false,false,true,true
2000,MI,010,2,1,1,true,27676,2,2,1,true,false,false,false,true,true
2000,MI,011,2,1,1,true,23149,2,2,1,true,false,false,false,true,true
2000,MI,100,2,1,1,true,28221,2,2,1,true,false,false,false,true,true
2000,MI,101,2,1,1,true,20477,10,2,1,true,false,false,false,true,true
2000,MI,110,2,1,1,true,25476,2,2,1,true,false,false,false,true,true
2000,MI,111,2,1,1,true,25920,2,2,1,true,false,false,false,true,true
2000,MI,root,15,7,8,false,258925,1,1,1,false,false,false,false,true,true
2000,MN,0,4,2,2,true,114733,2,2,1,true,false,false,false,true,true
2000,MN,1,4,2,2,true,85489,2,2,1,true,false,false,false,true,true
2000,MN,00,2,1,1,true,95106,2,2,1,true,false,false,false,true,true
2000,MN,01,2,1,1,true,19627,2,2,1,true,false,false,false,true,true
2000,MN,10,2,1,1,true,25587,2,2,1,true,false,false,false,true,true
2000,MN,11,2,1,1,true,59902,2,2,1,true,false,false,false,true,true
2000,MN,root,8,4,4,true,200222,2,2,1,true,false,false,false,true,true
2000,MO,0,5,3,2,false,128077,1,1,1,false,false,false,false,true,true
2000,MO,1,4,2,2,true,113455,2,2,1,true,false,false,false,true,true
2000,MO,00,3,1,2,false,89457,3,1,1,false,false,false,false,true,true
2000,MO,01,2,1,1,true,38620,2,2,1,true,false,false,false,true,true
2000,MO,10,2,1,1,true,63041,4,2,1,true,false,false,false,true,true
2000,MO,11,2,1,1,true,50414,2,2,1,true,false,false,false,true,true
2000,MO,001,2,1,1,true,40234,24,2,1,true,false,false,false,true,true
2000,MO,root,9,5,4,false,241532,1,1,1,false,false,false,false,true,true
2000,MS,0,2,1,1,true,70825,2,2,1,true,false,false,false,true,true
2000,MS,1,2,1,1,true,65325,2,2,1,true,false,false,false,true,true
2000,MS,root,4,2,2,true,136150,2,2,1,true,false,false,false,true,true
2000,NC,0,7,4,3,false,118146,1,1,1,false,false,false,false,true,true
2000,NC,1,6,3,3,true,114257,2,2,1,true,false,false,false,true,true
2000,NC,00,4,2,2,true,72899,2,2,1,true,false,false,false,true,true
2000,NC,01,3,1,2,false,45247,1,1,1,false,false,false,false,true,true
2000,NC,10,3,2,1,false,58454,1,1,1,false,false,false,false,true,true
2000,NC,11,3,2,1,false,55803,2,1,1,false,false,false,false,true,true
2000,NC,000,2,1,1,true,37751,2,2,1,true,false,false,false,true,true
2000,NC,001,2,1,1,true,35148,2,2,1,true,false,false,false,true,true
2000,NC,011,2,1,1,true,31105,2,2,1,true,false,false,false,true,true
2000,NC,100,2,1,1,true,46452,2,2,1,true,false,false,false,true,true
2000,NC,110,2,1,1,true,37260,2,2,1,true,false,false,false,true,true
2000,NC,root,13,7,6,false,232403,1,1,1,false,false,false,false,true,true
2000,NE,0,2,1,1,true,111404,2,2,1,true,false,false,false,true,true
2000,NE,root,3,2,1,false,133692,1,1,1,false,false,false,false,true,true
2000,NH,root,2,1,1,true,34728,2,2,1,true,false,false,false,true,true
2000,NJ,0,7,3,4,false,85321,1,1,1,false,false,false,false,true,true
2000,NJ,1,6,3,3,true,56021,2,2,1,true,false,false,false,true,true
2000,NJ,00,3,1,2,false,43266,1,1,1,false,false,false,false,true,true
2000,NJ,01,4,2,2,true,42055,2,2,1,true,false,false,false,true,true
2000,NJ,10,3,2,1,false,23673,1,1,1,false,false,false,false,true,true
2000,NJ,11,3,2,1,false,32348,1,1,1,false,false,false,false,true,true
2000,NJ,001,2,1,1,true,31912,2,2,1,true,false,false,false,true,true
2000,NJ,010,2,1,1,true,14416,12,2,1,true,false,false,false,true,true
2000,NJ,011,2,1,1,true,27639,2,2,1,true,false,false,false,true,true
2000,NJ,100,2,1,1,true,17218,2,2,1,true,false,false,false,true,true
2000,NJ,110,2,1,1,true,22833,2,2,1,true,false,false,false,true,true
2000,NJ,root,13,7,6,false,141342,1,1,1,false,false,false,false,true,true
2000,NM,1,2,1,1,true,105061,10,2,1,true,false,false,false,true,true
2000,NM,root,3,1,2,false,137055,1,1,1,false,false,false,false,true,true
2000,NV,0,2,1,1,true,48669,2,2,1,true,false,false,false,true,true
2000,NV,root,3,2,1,false,60831,1,1,1,false,false,false,false,true,true
2000,NY,0,14,7,7,true,213102,2,2,1,true,false,false,false,true,true
2000,NY,1,15,7,8,false,85404,1,1,1,false,false,false,false,true,true
2000,NY,00,7,4,3,false,126422,1,1,1,false,false,false,false,true,true
2000,NY,01,7,4,3,false,86680,1,1,1,false,false,false,false,true,true
2000,NY,10,7,3,4,false,34102,1,1,1,false,false,false,false,true,true
2000,NY,11,8,4,4,true,51302,2,2,1,true,false,false,false,true,true
2000,NY,000,4,2,2,true,66608,2,2,1,true,false,false,false,true,true
2000,NY,001,3,2,1,false,59814,1,1,1,false,false,false,false,true,true
2000,NY,010,4,2,2,true,73027,6,2,1,true,false,false,false,true,true
2000,NY,011,3,2,1,false,13653,1,1,1,false,false,false,false,true,true
2000,NY,100,3,2,1,false,21775,2,1,1,false,false,false,false,true,true
2000,NY,101,4,2,2,true,12327,2,2,1,true,false,false,false,true,true
2000,NY,110,4,2,2,true,14799,2,2,1,true,false,false,false,true,true
2000,NY,111,4,2,2,true,36503,2,2,1,true,false,false,false,true,true
2000,NY,0000,2,1,1,true,39308,2,2,1,true,false,false,false,true,true
2000,NY,0001,2,1,1,true,27300,2,2,1,true,false,false,false,true,true
2000,NY,0010,2,1,1,true,47338,2,2,1,true,false,false,false,true,true
2000,NY,0100,2,1,1,true,33808,2,2,1,true,false,false,false,true,true
2000,NY,0101,2,1,1,true,39219,2,2,1,true,false,false,false,true,true
2000,NY,0110,2,1,1,true,11838,6,2,1,true,false,false,false,true,true
2000,NY,1000,2,1,1,true,14439,4,2,1,true,false,false,false,true,true
2000,NY,1010,2,1,1,true,4031,2,2,1,true,false,false,false,true,true
2000,NY,1011,2,1,1,true,8296,2,2,1,true,false,false,false,true,true
2000,NY,1100,2,1,1,true,5046,2,2,1,true,false,false,false,true,true
2000,NY,1101,2,1,1,true,9753,4,2,1,true,false,false,false,true,true
2000,NY,1110,2,1,1,true,12783,2,2,1,true,false,false,false,true,true
2000,NY,1111,2,1,1,true,23720,2,2,1,true,false,false,false,true,true
2000,NY,root,29,14,15,false,298506,1,1,1,false,false,false,false,true,true
2000,OH,0,9,4,5,false,153274,1,1,1,false,false,false,false,true,true
2000,OH,1,9,4,5,false,124533,1,1,1,false,false,false,false,true,true
2000,OH,00,4,2,2,true,90300,2,2,1,true,false,false,false,true,true
2000,OH,01,5,2,3,false,62974,2,1,1,false,false,false,false,true,true
2000,OH,10,4,2,2,true,38081,2,2,1,true,false,false,false,true,true
2000,OH,11,5,3,2,false,86452,1,1,1,false,false,false,false,true,true
2000,OH,000,2,1,1,true,42272,2,2,1,true,false,false,false,true,true
2000,OH,001,2,1,1,true,48028,2,2,1,true,false,false,false,true,true
2000,OH,010,2,1,1,true,31443,2,2,1,true,false,false,false,true,true
2000,OH,011,3,2,1,false,31531,3,1,1,false,false,false,false,true,true
2000,OH,100,2,1,1,true,18679,2,2,1,true,false,false,false,true,true
2000,OH,101,2,1,1,true,19402,2,2,1,true,false,false,false,true,true
2000,OH,110,3,2,1,false,57673,1,1,1,false,false,false,false,true,true
2000,OH,111,2,1,1,true,28779,2,2,1,true,false,false,false,true,true
2000,OH,0110,2,1,1,true,24661,6,2,1,true,false,false,false,true,true
2000,OH,1100,2,1,1,true,28972,2,2,1,true,false,false,false,true,true
2000,OH,root,18,9,9,true,277807,2,2,1,true,false,false,false,true,true
2000,OK,0,3,2,1,false,96667,1,1,1,false,false,false,false,true,true
2000,OK,1,2,1,1,true,79397,2,2,1,true,false,false,false,true,true
2000,OK,00,2,1,1,true,75038,2,2,1,true,false,false,false,true,true
2000,OK,root,5,3,2,false,176064,1,1,1,false,false,false,false,true,true
2000,OR,0,3,2,1,false,73662,1,1,1,false,false,false,false,true,true
2000,OR,1,2,1,1,true,82570,2,2,1,true,false,false,false,true,true
2000,OR,00,2,1,1,true,51362,2,2,1,true,false,false,false,true,true
2000,OR,root,5,3,2,false,156232,1,1,1,false,false,false,false,true,true
2000,PA,0,10,5,5,true,209189,2,2,1,true,false,false,false,true,true
2000,PA,1,9,4,5,false,113235,1,1,1,false,false,false,false,true,true
2000,PA,00,5,2,3,false,125251,1,1,1,false,false,false,false,true,true
2000,PA,01,5,3,2,false,83938,1,1,1,false,false,false,false,true,true
2000,PA,10,4,2,2,true,63632,2,2,1,true,false,false,false,true,true
2000,PA,11,5,2,3,false,49603,1,1,1,false,false,false,false,true,true
2000,PA,000,2,1,1,true,46138,2,2,1,true,false,false,false,true,true
2000,PA,001,3,1,2,false,79113,1,1,1,false,false,false,false,true,true
2000,PA,010,3,2,1,false,58651,1,1,1,false,false,false,false,true,true
2000,PA,011,2,1,1,true,25287,2,2,1,true,false,false,false,true,true
2000,PA,100,2,1,1,true,42137,4,2,1,true,false,false,false,true,true
2000,PA,101,2,1,1,true,21495,2,2,1,true,false,false,false,true,true
2000,PA,110,2,1,1,true,19848,2,2,1,true,false,false,false,true,true
2000,PA,111,3,2,1,false,29755,1,1,1,false,false,false,false,true,true
2000,PA,0011,2,1,1,true,48383,2,2,1,true,false,false,false,true,true
2000,PA,0100,2,1,1,true,39047,2,2,1,true,false,false,false,true,true
2000,PA,1110,2,1,1,true,16638,6,2,1,true,false,false,false,true,true
2000,PA,root,19,10,9,false,322424,1,1,1,false,false,false,false,true,true
2000,RI,root,2,1,1,true,21023,2,2,1,true,false,false,false,true,true
2000,SC,0,3,1,2,false,69169,1,1,1,false,false,false,false,true,true
2000,SC,1,3,1,2,false,74750,1,1,1,false,false,false,false,true,true
2000,SC,01,2,1,1,true,44089,4,2,1,true,false,false,false,true,true
2000,SC,11,2,1,1,true,53356,2,2,1,true,false,false,false,true,true
2000,SC,root,6,3,3,true,143919,2,2,1,true,false,false,false,true,true
2000,TN,0,4,2,2,true,82025,4,2,1,true,false,false,false,true,true
2000,TN,1,5,2,3,false,100178,1,1,1,false,false,false,false,true,true
2000,TN,00,2,1,1,true,41465,2,2,1,true,false,false,false,true,true
2000,TN,01,2,1,1,true,40560,2,2,1,true,false,false,false,true,true
2000,TN,10,2,1,1,true,45259,2,2,1,true,false,false,false,true,true
2000,TN,11,3,1,2,false,54919,1,1,1,false,false,false,false,true,true
2000,TN,111,2,1,1,true,32150,2,2,1,true,false,false,false,true,true
2000,TN,root,9,4,5,false,182203,1,1,1,false,false,false,false,true,true
2000,TX,0,16,8,8,true,366069,2,2,1,true,false,false,false,true,true
2000,TX,1,16,8,8,true,308993,2,2,1,true,false,false,false,true,true
2000,TX,00,8,4,4,true,189645,2,2,1,true,false,false,false,true,true
2000,TX,01,8,4,4,true,176424,2,2,1,true,false,false,false,true,true
2000,TX,10,8,4,4,true,149971,2,2,1,true,false,false,false,true,true
2000,TX,11,8,4,4,true,159022,2,2,1,true,false,false,false,true,true
2000,TX,000,4,2,2,true,143532,2,2,1,true,false,false,false,true,true
2000,TX,001,4,2,2,true,46113,2,2,1,true,false,false,false,true,true
2000,TX,010,4,2,2,true,92483,8,2,1,true,false,false,false,true,true
2000,TX,011,4,2,2,true,83941,4,2,1,true,false,false,false,true,true
2000,TX,100,4,2,2,true,100299,4,2,1,true,false,true,false,true,true
2000,TX,101,4,2,2,true,49672,2,2,1,true,false,false,false,true,true
2000,TX,110,4,2,2,true,58337,2,2,1,true,false,false,false,true,true
2000,TX,111,4,2,2,true,100685,4,2,1,true,false,false,false,true,true
2000,TX,0000,2,1,1,true,79534,4,2,1,true,false,false,false,true,true
2000,TX,0001,2,1,1,true,63998,2,2,1,true,false,false,false,true,true
2000,TX,0010,2,1,1,true,25640,4,2,1,true,false,false,false,true,true
2000,TX,0011,2,1,1,true,20473,2,2,1,true,false,false,false,true,true
2000,TX,0100,2,1,1,true,26341,2,2,1,true,false,true,false,true,true
2000,TX,0101,2,1,1,true,66142,2,2,1,true,false,false,false,true,true
2000,TX,0110,2,1,1,true,61082,2,2,1,true,false,false,false,true,true
2000,TX,0111,2,1,1,true,22859,4,2,1,true,false,false,false,true,true
2000,TX,1000,2,1,1,true,73889,2,2,1,true,false,false,false,true,true
2000,TX,1001,2,1,1,true,26410,4,2,1,true,false,false,false,true,true
2000,TX,1010,2,1,1,true,13334,2,2,1,true,false,false,false,true,true
2000,TX,1011,2,1,1,true,36338,2,2,1,true,false,false,false,true,true
2000,TX,1100,2,1,1,true,37023,2,2,1,true,false,false,false,true,true
2000,TX,1101,2,1,1,true,21314,12,2,1,true,false,false,false,true,true
2000,TX,1110,2,1,1,true,55823,2,2,1,true,false,false,false,true,true
2000,TX,1111,2,1,1,true,44862,2,2,1,true,false,false,false,true,true
2000,TX,root,32,16,16,true,675062,2,2,1,true,false,false,false,true,true
2000,UT,1,2,1,1,true,62269,2,2,1,true,false,false,false,true,true
2000,UT,root,3,1,2,false,74704,1,1,1,false,false,false,false,true,true
2000,VA,0,6,3,3,true,70255,2,2,1,true,false,false,false,true,true
2000,VA,1,5,2,3,false,75144,1,1,1,false,false,false,false,true,true
2000,VA,00,3,1,2,false,18917,1,1,1,false,false,false,false,true,true
2000,VA,01,3,1,2,false,51338,3,1,1,false,false,false,false,true,true
2000,VA,10,2,1,1,true,24218,2,2,1,true,false,false,false,true,true
2000,VA,11,3,1,2,false,50926,1,1,1,false,false,false,false,true,true
2000,VA,001,2,1,1,true,11258,2,2,1,true,false,false,false,true,true
2000,VA,011,2,1,1,true,32943,4,2,1,true,false,false,false,true,true
2000,VA,111,2,1,1,true,31334,2,2,1,true,false,false,false,true,true
2000,VA,root,11,6,5,false,145399,1,1,1,false,false,false,false,true,true
2000,WA,0,5,2,3,false,85217,1,1,1,false,false,false,false,true,true
2000,WA,1,4,2,2,true,85654,2,2,1,true,false,false,false,true,true
2000,WA,00,2,1,1,true,55559,2,2,1,true,false,false,false,true,true
2000,WA,01,3,2,1,false,29658,1,1,1,false,false,false,false,true,true
2000,WA,10,2,1,1,true,50012,2,2,1,true,false,false,false,true,true
2000,WA,11,2,1,1,true,35642,4,2,1,true,false,false,false,true,true
2000,WA,010,2,1,1,true,20290,2,2,1,true,false,false,false,true,true
2000,WA,root,9,5,4,false,170871,1,1,1,false,false,false,false,true,true
2000,WI,0,4,2,2,true,131088,2,2,1,true,false,false,false,true,true
2000,WI,1,4,2,2,true,69260,2,2,1,true,false,false,false,true,true
2000,WI,00,2,1,1,true,48308,2,2,1,true,false,false,false,true,true
2000,WI,01,2,1,1,true,82780,2,2,1,true,false,false,false,true,true
2000,WI,10,2,1,1,true,33153,2,2,1,true,false,false,false,true,true
2000,WI,11,2,1,1,true,36107,2,2,1,true,false,false,false,true,true
2000,WI,root,8,4,4,true,200348,2,2,1,true,false,false,false,true,true
2000,WV,1,2,1,1,true,54578,2,2,1,true,false,false,false,true,true
2000,WV,root,3,1,2,false,81788,1,1,1,false,false,false,false,true,true
2010,AL,0,3,1,2,false,106447,1,1,1,false,false,false,false,true,true
2010,AL,1,4,2,2,true,145819,4,2,1,true,false,false,false,true,true
2010,AL,01,2,1,1,true,71751,2,2,1,true,false,false,false,true,true
2010,AL,10,2,1,1,true,70610,2,2,1,true,false,false,false,true,true
2010,AL,11,2,1,1,true,75209,4,2,1,true,false,false,false,true,true
2010,AL,root,7,3,4,false,252266,2,1,1,false,false,false,false,true,true
2010,AR,0,2,1,1,true,92445,2,2,1,true,false,false,false,true,true
2010,AR,1,2,1,1,true,93766,4,2,1,true,false,false,false,true,true
2010,AR,root,4,2,2,true,186211,2,2,1,true,false,false,false,true,true
2010,AZ,0,4,2,2,true,148302,2,2,1,true,false,false,false,true,true
2010,AZ,1,5,3,2,false,93364,1,1,1,false,false,false,false,true,true
2010,AZ,00,2,1,1,true,115311,2,2,1,true,false,false,false,true,true
2010,AZ,01,2,1,1,true,32991,4,2,1,true,false,false,false,true,true
2010,AZ,10,3,1,2,false,42649,1,1,1,false,false,false,false,true,true
2010,AZ,11,2,1,1,true,50715,2,2,1,true,false,false,false,true,true
2010,AZ,101,2,1,1,true,25550,2,2,1,true,false,false,false,true,true
2010,AZ,root,9,4,5,false,241666,1,1,1,false,false,false,false,true,true
2010,CA,0,26,13,13,true,482357,4,2,1,true,false,false,false,true,true
2010,CA,1,27,13,14,false,227788,1,1,1,false,false,false,false,true,true
2010,CA,00,13,6,7,false,234462,1,1,1,false,false,false,false,true,true
2010,CA,01,13,6,7,false,247895,1,1,1,false,false,false,false,true,true
2010,CA,10,13,7,6,false,109537,2,1,1,false,false,false,false,true,true
2010,CA,11,14,7,7,true,118251,4,2,1,true,false,false,false,true,true
2010,CA,000,6,3,3,true,119114,6,2,1,true,false,false,false,true,true
2010,CA,001,7,4,3,false,115348,2,1,1,false,false,false,false,true,true
2010,CA,010,6,3,3,true,82859,2,2,1,true,false,false,false,true,true
2010,CA,011,7,4,3,false,165036,1,1,1,false,false,false,false,true,true
2010,CA,100,7,4,3,false,63177,1,1,1,false,false,false,false,true,true
2010,CA,101,6,3,3,true,46360,2,2,1,true,false,false,false,true,true
2010,CA,110,7,3,4,false,53383,1,1,1,false,false,false,false,true,true
2010,CA,111,7,4,3,false,64868,1,1,1,false,false,false,false,true,true
2010,CA,0000,3,1,2,false,80559,1,1,1,false,false,false,false,true,true
2010,CA,0001,3,1,2,false,38555,1,1,1,false,false,false,false,true,true
2010,CA,0010,4,2,2,true,84954,2,2,1,true,false,false,false,true,true
2010,CA,0011,3,2,1,false,30394,2,1,1,false,false,false,false,true,true
2010,CA,0100,3,2,1,false,28008,1,1,1,false,false,false,false,true,true
2010,CA,0101,3,2,1,false,54851,1,1,1,false,false,false,false,true,true
2010,CA,0110,4,2,2,true,103791,2,2,1,true,false,false,false,true,true
2010,CA,0111,3,2,1,false,61245,2,1,1,false,false,false,false,true,true
2010,CA,1000,4,2,2,true,39429,4,2,1,true,false,false,false,true,true
2010,CA,1001,3,2,1,false,23748,1,1,1,false,false,false,false,true,true
2010,CA,1010,3,2,1,false,20311,1,1,1,false,false,false,false,true,true
2010,CA,1011,3,1,2,false,26049,1,1,1,false,false,false,false,true,true
2010,CA,1100,3,1,2,false,21209,1,1,1,false,false,false,false,true,true
2010,CA,1101,4,2,2,true,32174,2,2,1,true,false,false,false,true,true
2010,CA,1110,4,2,2,true,39775,2,2,1,true,false,false,false,true,true
2010,CA,1111,3,2,1,false,25093,1,1,1,false,false,false,false,true,true
2010,CA,root,53,26,27,false,710145,5,1,1,false,false,false,false,true,true
2010,CA,00001,2,1,1,true,59974,2,2,1,true,false,false,false,true,true
2010,CA,00011,2,1,1,true,28040,6,2,1,true,false,false,false,true,true
2010,CA,00100,2,1,1,true,21065,46,2,1,true,false,false,false,true,true
2010,CA,00101,2,1,1,true,63889,82,2,1,true,false,false,false,true,true
2010,CA,00110,2,1,1,true,22303,6,2,1,true,false,true,false,true,true
2010,CA,01000,2,1,1,true,19814,2,2,1,true,false,false,false,true,true
2010,CA,01010,2,1,1,true,35378,2,2,1,true,false,false,false,true,true
2010,CA,01100,2,1,1,true,52419,2,2,1,true,false,false,false,true,true
2010,CA,01101,2,1,1,true,51372,8,2,1,true,false,false,false,true,true
2010,CA,01110,2,1,1,true,46066,12,2,1,true,false,false,false,true,true
2010,CA,10000,2,1,1,true,24067,2,2,1,true,false,false,false,true,true
2010,CA,10001,2,1,1,true,15362,2,2,1,true,false,false,false,true,true
2010,CA,10010,2,1,1,true,14150,2,2,1,true,false,false,false,true,true
2010,CA,10100,2,1,1,true,14449,2,2,1,true,false,false,false,true,true
2010,CA,10111,2,1,1,true,15968,6,2,1,true,false,false,false,true,true
2010,CA,11001,2,1,1,true,13310,2,2,1,true,false,false,false,true,true
2010,CA,11010,2,1,1,true,16510,2,2,1,true,false,false,false,true,true
2010,CA,11011,2,1,1,true,15664,2,2,1,true,false,false,false,true,true
2010,CA,11100,2,1,1,true,16863,2,2,1,true,false,false,false,true,true
2010,CA,11101,2,1,1,true,22912,2,2,1,true,false,false,false,true,true
2010,CA,11110,2,1,1,true,16888,2,2,1,true,false,false,false,true,true
2010,CO,0,4,2,2,true,143990,14,2,1,true,false,false,false,true,true
2010,CO,1,3,2,1,false,57072,1,1,1,false,false,false,false,true,true
2010,CO,00,2,1,1,true,65289,2,2,1,true,false,false,false,true,true
2010,CO,01,2,1,1,true,78701,2,2,1,true,false,false,false,true,true
2010,CO,10,2,1,1,true,35713,2,2,1,true,false,false,false,true,true
2010,CO,root,7,4,3,false,201062,1,1,1,false,false,false,false,true,true
2010,CT,0,3,2,1,false,41685,1,1,1,false,false,false,false,true,true
2010,CT,1,2,1,1,true,25893,2,2,1,true,false,false,false,true,true
2010,CT,00,2,1,1,true,23540,6,2,1,true,false,false,false,true,true
2010,CT,root,5,3,2,false,67578,1,1,1,false,false,false,false,true,true
2010,FL,0,14,7,7,true,294323,2,2,1,true,false,false,false,true,true
2010,FL,1,13,6,7,false,190158,1,1,1,false,false,false,false,true,true
2010,FL,00,7,4,3,false,171995,1,1,1,false,false,false,false,true,true
2010,FL,01,7,3,4,false,122328,3,1,1,false,false,false,false,true,true
2010,FL,10,6,3,3,true,69714,4,2,1,true,false,false,false,true,true
2010,FL,11,7,4,3,false,120444,1,1,1,false,false,false,false,true,true
2010,FL,000,4,2,2,true,98316,2,2,1,true,false,false,false,true,true
2010,FL,001,3,2,1,false,73679,1,1,1,false,false,false,false,true,true
2010,FL,010,3,1,2,false,51991,1,1,1,false,false,false,false,true,true
2010,FL,011,4,2,2,true,70337,2,2,1,true,false,false,false,true,true
2010,FL,100,3,1,2,false,39860,2,1,1,false,false,false,false,true,true
2010,FL,101,3,2,1,false,29854,1,1,1,false,false,false,false,true,true
2010,FL,110,4,2,2,true,82673,4,2,1,true,false,false,false,true,true
2010,FL,111,3,2,1,false,37771,1,1,1,false,false,false,false,true,true
2010,FL,0000,2,1,1,true,32596,2,2,1,true,false,false,false,true,true
2010,FL,0001,2,1,1,true,65720,4,2,1,true,false,false,false,true,true
2010,FL,0010,2,1,1,true,53670,4,2,1,true,false,false,false,true,true
2010,FL,0101,2,1,1,true,39588,4,2,1,true,false,false,false,true,true
2010,FL,0110,2,1,1,true,37559,2,2,1,true,false,false,false,true,true
2010,FL,0111,2,1,1,true,32778,4,2,1,true,false,false,false,true,true
2010,FL,1001,2,1,1,true,18903,2,2,1,true,false,false,false,true,true
2010,FL,1010,2,1,1,true,20545,2,2,1,true,false,false,false,true,true
2010,FL,1100,2,1,1,true,37433,2,2,1,true,false,false,false,true,true
2010,FL,1101,2,1,1,true,45240,6,2,1,true,false,false,false,true,true
2010,FL,1110,2,1,1,true,23584,2,2,1,true,false,false,false,true,true
2010,FL,root,27,14,13,false,484481,1,1,1,false,false,false,false,true,true
2010,GA,0,7,3,4,false,122744,1,1,1,false,false,false,false,true,true
2010,GA,1,7,3,4,false,168342,1,1,1,false,false,false,false,true,true
2010,GA,00,3,2,1,false,78954,1,1,1,false,false,false,false,true,true
2010,GA,01,4,2,2,true,43790,2,2,1,true,false,false,false,true,true
2010,GA,10,3,2,1,false,42421,1,1,1,false,false,false,false,true,true
2010,GA,11,4,2,2,true,125921,2,2,1,true,false,false,false,true,true
2010,GA,000,2,1,1,true,59015,2,2,1,true,false,false,false,true,true
2010,GA,010,2,1,1,true,25758,6,2,1,true,false,false,false,true,true
2010,GA,011,2,1,1,true,18032,2,2,1,true,false,false,false,true,true
2010,GA,100,2,1,1,true,28968,2,2,1,true,false,false,false,true,true
2010,GA,110,2,1,1,true,48640,2,2,1,true,false,false,false,true,true
2010,GA,111,2,1,1,true,77281,2,2,1,true,false,false,false,true,true
2010,GA,root,14,7,7,true,291086,2,2,1,true,false,false,false,true,true
2010,HI,root,2,1,1,true,25016,2,2,1,true,false,false,false,true,true
2010,IA,0,2,1,1,true,76175,2,2,1,true,false,false,false,true,true
2010,IA,1,2,1,1,true,139832,2,2,1,true,false,false,false,true,true
2010,IA,root,4,2,2,true,216007,2,2,1,true,false,false,false,true,true
2010,ID,root,2,1,1,true,149842,4,2,1,true,false,false,false,true,true
2010,IL,0,9,5,4,false,138320,1,1,1,false,false,false,false,true,true
2010,IL,1,9,5,4,false,313234,1,1,1,false,false,false,false,true,true
2010,IL,00,5,3,2,false,79759,1,1,1,false,false,false,false,true,true
2010,IL,01,4,2,2,true,58561,2,2,1,true,false,false,false,true,true
2010,IL,10,5,3,2,false,124236,1,1,1,false,false,false,false,true,true
2010,IL,11,4,2,2,true,188998,2,2,1,true,false,false,false,true,true
2010,IL,000,3,1,2,false,56151,2,1,1,false,false,false,false,true,true
2010,IL,001,2,1,1,true,23608,2,2,1,true,false,false,false,true,true
2010,IL,010,2,1,1,true,31127,2,2,1,true,false,false,false,true,true
2010,IL,011,2,1,1,true,27434,2,2,1,true,false,false,false,true,true
2010,IL,100,3,2,1,false,67380,1,1,1,false,false,false,false,true,true
2010,IL,101,2,1,1,true,56856,2,2,1,true,false,false,false,true,true
2010,IL,110,2,1,1,true,86323,2,2,1,true,false,false,false,true,true
2010,IL,111,2,1,1,true,102675,2,2,1,true,false,false,false,true,true
2010,IL,0001,2,1,1,true,30645,2,2,1,true,false,false,false,true,true
2010,IL,1000,2,1,1,true,51359,4,2,1,true,false,false,false,true,true
2010,IL,root,18,9,9,true,451554,2,2,1,true,false,false,false,true,true
2010,IN,0,5,2,3,false,146863,1,1,1,false,false,false,false,true,true
2010,IN,1,4,2,2,true,120208,2,2,1,true,false,false,false,true,true
2010,IN,00,2,1,1,true,53436,2,2,1,true,false,false,false,true,true
2010,IN,01,3,2,1,false,93427,1,1,1,false,false,false,false,true,true
2010,IN,10,2,1,1,true,44618,2,2,1,true,false,false,false,true,true
2010,IN,11,2,1,1,true,75590,2,2,1,true,false,false,false,true,true
2010,IN,010,2,1,1,true,67029,2,2,1,true,false,false,false,true,true
2010,IN,root,9,5,4,false,267071,3,1,1,false,false,false,false,true,true
2010,KS,0,2,1,1,true,108873,2,2,1,true,false,false,false,true,true
2010,KS,1,2,1,1,true,129727,26,2,1,true,false,false,false,true,true
2010,KS,root,4,2,2,true,238600,2,2,1,true,false,false,false,true,true
2010,KY,0,3,1,2,false,72890,1,1,1,false,false,false,false,true,true
2010,KY,1,3,1,2,false,88782,1,1,1,false,false,false,false,true,true
2010,KY,01,2,1,1,true,38886,2,2,1,true,false,false,false,true,true
2010,KY,11,2,1,1,true,64814,2,2,1,true,false,false,false,true,true
2010,KY,root,6,3,3,true,161672,2,2,1,true,false,false,false,true,true
2010,LA,0,3,1,2,false,89461,3,1,1,false,false,false,false,true,true
2010,LA,1,3,1,2,false,114986,5,1,1,false,false,false,false,true,true
2010,LA,01,2,1,1,true,53619,2,2,1,true,false,false,false,true,true
2010,LA,11,2,1,1,true,77355,2,2,1,true,false,false,false,true,true
2010,LA,root,6,3,3,true,204447,4,2,1,true,false,false,false,true,true
2010,MA,0,4,2,2,true,60163,2,2,1,true,false,false,false,true,true
2010,MA,1,5,2,3,false,97345,1,1,1,false,false,false,false,true,true
2010,MA,00,2,1,1,true,34550,4,2,1,true,false,false,false,true,true
2010,MA,01,2,1,1,true,25613,10,2,1,true,false,false,false,true,true
2010,MA,10,2,1,1,true,39284,2,2,1,true,false,false,false,true,true
2010,MA,11,3,1,2,false,58061,1,1,1,false,false,false,false,true,true
2010,MA,111,2,1,1,true,43573,2,2,1,true,false,false,false,true,true
2010,MA,root,9,4,5,false,157508,1,1,1,false,false,false,false,true,true
2010,MD,0,4,2,2,true,72866,20,2,1,true,false,false,false,true,true
2010,MD,1,4,2,2,true,72381,2,2,1,true,false,false,false,true,true
2010,MD,00,2,1,1,true,33210,2,2,1,true,false,false,false,true,true
2010,MD,01,2,1,1,true,39656,2,2,1,true,false,false,false,true,true
2010,MD,10,2,1,1,true,32923,6,2,1,true,false,false,false,true,true
2010,MD,11,2,1,1,true,39458,2,2,1,true,false,false,false,true,true
2010,MD,root,8,4,4,true,145247,2,2,1,true,false,false,false,true,true
2010,ME,root,2,1,1,true,69518,2,2,1,true,false,false,false,true,true
2010,MI,0,7,4,3,false,217371,1,1,1,false,false,false,false,true,true
2010,MI,1,7,3,4,false,112514,1,1,1,false,false,false,false,true,true
2010,MI,00,4,2,2,true,163621,4,2,1,true,false,false,false,true,true
2010,MI,01,3,1,2,false,53750,1,1,1,false,false,false,false,true,true
2010,MI,10,3,2,1,false,43205,2,1,1,false,false,false,false,true,true
2010,MI,11,4,2,2,true,69309,2,2,1,true,false,false,false,true,true
2010,MI,000,2,1,1,true,119266,2,2,1,true,false,false,false,true,true
2010,MI,001,2,1,1,true,44355,2,2,1,true,false,false,false,true,true
2010,MI,011,2,1,1,true,32565,2,2,1,true,false,false,false,true,true
2010,MI,100,2,1,1,true,29853,2,2,1,true,false,false,false,true,true
2010,MI,110,2,1,1,true,32792,2,2,1,true,false,false,false,true,true
2010,MI,111,2,1,1,true,36517,2,2,1,true,false,false,false,true,true
2010,MI,root,14,7,7,true,329885,2,2,1,true,false,false,false,true,true
2010,MN,0,4,2,2,true,138931,10,2,1,true,false,false,false,true,true
2010,MN,1,4,2,2,true,120846,36,2,1,true,false,false,false,true,true
2010,MN,00,2,1,1,true,109494,2,2,1,true,false,false,false,true,true
2010,MN,01,2,1,1,true,29437,2,2,1,true,false,false,false,true,true
2010,MN,10,2,1,1,true,49126,2,2,1,true,false,false,false,true,true
2010,MN,11,2,1,1,true,71720,2,2,1,true,false,false,false,true,true
2010,MN,root,8,4,4,true,259777,2,2,1,true,false,false,false,true,true
2010,MO,0,4,2,2,true,144100,4,2,1,true,false,false,false,true,true
2010,MO,1,4,2,2,true,199465,2,2,1,true,false,false,false,true,true
2010,MO,00,2,1,1,true,94785,2,2,1,true,false,false,false,true,true
2010,MO,01,2,1,1,true,49315,10,2,1,true,false,false,false,true,true
2010,MO,10,2,1,1,true,73979,2,2,1,true,false,false,false,true,true
2010,MO,11,2,1,1,true,125486,2,2,1,true,false,false,false,true,true
2010,MO,root,8,4,4,true,343565,2,2,1,true,false,false,false,true,true
2010,MS,0,2,1,1,true,95387,2,2,1,true,false,false,false,true,true
2010,MS,1,2,1,1,true,76391,2,2,1,true,false,false,false,true,true
2010,MS,root,4,2,2,true,171778,6,2,1,true,false,false,false,true,true
2010,NC,0,6,3,3,true,121998,2,2,1,true,false,false,false,true,true
2010,NC,1,7,4,3,false,166989,4,1,1,false,false,false,false,true,true
2010,NC,00,3,1,2,false,69321,1,1,1,false,false,false,false,true,true
2010,NC,01,3,2,1,false,52677,1,1,1,false,false,false,false,true,true
2010,NC,10,4,2,2,true,102129,2,2,1,true,false,false,false,true,true
2010,NC,11,3,1,2,false,64860,1,1,1,false,false,false,false,true,true
2010,NC,001,2,1,1,true,41094,2,2,1,true,false,false,false,true,true
2010,NC,010,2,1,1,true,38522,2,2,1,true,false,false,false,true,true
2010,NC,100,2,1,1,true,45489,2,2,1,true,false,false,false,true,true
2010,NC,101,2,1,1,true,56640,2,2,1,true,false,false,false,true,true
2010,NC,111,2,1,1,true,54063,2,2,1,true,false,false,false,true,true
2010,NC,root,13,6,7,false,288987,1,1,1,false,false,false,false,true,true
2010,NE,1,2,1,1,true,155785,2,2,1,true,false,false,false,true,true
2010,NE,root,3,1,2,false,193352,1,1,1,false,false,false,false,true,true
2010,NH,root,2,1,1,true,48837,2,2,1,true,false,false,false,true,true
2010,NJ,0,6,3,3,true,77632,2,2,1,true,false,false,false,true,true
2010,NJ,1,6,3,3,true,91956,2,2,1,true,false,false,false,true,true
2010,NJ,00,3,1,2,false,30222,1,1,1,false,false,false,false,true,true
2010,NJ,01,3,2,1,false,47410,2,1,1,false,false,false,false,true,true
2010,NJ,10,3,2,1,false,52250,1,1,1,false,false,false,false,true,true
2010,NJ,11,3,2,1,false,39706,1,1,1,false,false,false,false,true,true
2010,NJ,001,2,1,1,true,17364,2,2,1,true,false,false,false,true,true
2010,NJ,010,2,1,1,true,27361,2,2,1,true,false,false,false,true,true
2010,NJ,100,2,1,1,true,29123,8,2,1,true,false,false,false,true,true
2010,NJ,110,2,1,1,true,24574,8,2,1,true,false,false,false,true,true
2010,NJ,root,12,6,6,true,169588,2,2,1,true,false,false,false,true,true
2010,NM,1,2,1,1,true,123251,2,2,1,true,false,false,false,true,true
2010,NM,root,3,1,2,false,168609,1,1,1,false,false,false,false,true,true
2010,NV,0,2,1,1,true,67897,6,2,1,true,false,false,false,true,true
2010,NV,1,2,1,1,true,16641,10,2,1,true,false,false,false,true,true
2010,NV,root,4,2,2,true,84538,4,2,1,true,false,false,false,true,true
2010,NY,0,13,7,6,false,253445,1,1,1,false,false,false,false,true,true
2010,NY,1,14,7,7,true,96724,2,2,1,true,false,false,false,true,true
2010,NY,00,7,3,4,false,156506,1,1,1,false,false,false,false,true,true
2010,NY,01,6,3,3,true,96939,2,2,1,true,false,false,false,true,true
2010,NY,10,7,3,4,false,35581,1,1,1,false,false,false,false,true,true
2010,NY,11,7,4,3,false,61143,2,1,1,false,false,false,false,true,true
2010,NY,000,3,2,1,false,71903,1,1,1,false,false,false,false,true,true
2010,NY,001,4,2,2,true,84603,2,2,1,true,false,false,false,true,true
2010,NY,010,3,2,1,false,84250,1,1,1,false,false,false,false,true,true
2010,NY,011,3,1,2,false,12689,1,1,1,false,false,false,false,true,true
2010,NY,100,3,2,1,false,5491,4,1,1,false,false,false,false,true,true
2010,NY,101,4,2,2,true,30090,4,2,1,true,false,false,false,true,true
2010,NY,110,4,2,2,true,21531,2,2,1,true,false,false,false,true,true
2010,NY,111,3,1,2,false,39612,1,1,1,false,false,false,false,true,true
2010,NY,0000,2,1,1,true,59918,2,2,1,true,false,false,false,true,true
2010,NY,0010,2,1,1,true,54625,6,2,1,true,false,false,false,true,true
2010,NY,0011,2,1,1,true,29978,2,2,1,true,false,false,false,true,true
2010,NY,0100,2,1,1,true,63398,2,2,1,true,false,false,false,true,true
2010,NY,0111,2,1,1,true,9278,2,2,1,true,false,false,false,true,true
2010,NY,1000,2,1,1,true,4029,2,2,1,true,false,false,false,true,true
2010,NY,1010,2,1,1,true,19970,6,2,1,true,false,false,false,true,true
2010,NY,1011,2,1,1,true,10120,2,2,1,true,false,false,false,true,true
2010,NY,1100,2,1,1,true,11696,2,2,1,true,false,false,false,true,true
2010,NY,1101,2,1,1,true,9835,2,2,1,true,false,false,false,true,true
2010,NY,1111,2,1,1,true,28583,2,2,1,true,false,false,false,true,true
2010,NY,root,27,13,14,false,350169,5,1,1,false,false,false,false,true,true
2010,OH,0,8,4,4,true,162478,2,2,1,true,false,false,false,true,true
2010,OH,1,8,4,4,true,202866,2,2,1,true,false,false,false,true,true
2010,OH,00,4,2,2,true,56274,2,2,1,true,false,false,false,true,true
2010,OH,01,4,2,2,true,106204,2,2,1,true,false,false,false,true,true
2010,OH,10,4,2,2,true,121104,2,2,1,true,false,false,false,true,true
2010,OH,11,4,2,2,true,81762,2,2,1,true,false,false,false,true,true
2010,OH,000,2,1,1,true,26810,2,2,1,true,false,false,false,true,true
2010,OH,001,2,1,1,true,29464,2,2,1,true,false,false,false,true,true
2010,OH,010,2,1,1,true,45966,6,2,1,true,false,false,false,true,true
2010,OH,011,2,1,1,true,60238,6,2,1,true,false,false,false,true,true
2010,OH,100,2,1,1,true,67570,6,2,1,true,false,false,false,true,true
2010,OH,101,2,1,1,true,53534,2,2,1,true,false,false,false,true,true
2010,OH,110,2,1,1,true,54435,2,2,1,true,false,false,false,true,true
2010,OH,111,2,1,1,true,27327,2,2,1,true,false,false,false,true,true
2010,OH,root,16,8,8,true,365344,2,2,1,true,false,false,false,true,true
2010,OK,0,2,1,1,true,105463,2,2,1,true,false,false,false,true,true
2010,OK,1,3,2,1,false,163655,1,1,1,false,false,false,false,true,true
2010,OK,10,2,1,1,true,82942,2,2,1,true,false,false,false,true,true
2010,OK,root,5,2,3,false,269118,5,1,1,false,false,false,false,true,true
2010,OR,0,2,1,1,true,57329,2,2,1,true,false,false,false,true,true
2010,OR,1,3,1,2,false,139292,1,1,1,false,false,false,false,true,true
2010,OR,11,2,1,1,true,106069,2,2,1,true,false,false,false,true,true
2010,OR,root,5,2,3,false,196621,1,1,1,false,false,false,false,true,true
2010,PA,0,9,4,5,false,283538,1,1,1,false,false,false,false,true,true
2010,PA,1,9,5,4,false,138007,1,1,1,false,false,false,false,true,true
2010,PA,00,4,2,2,true,146688,2,2,1,true,false,false,false,true,true
2010,PA,01,5,3,2,false,136850,1,1,1,false,false,false,false,true,true
2010,PA,10,5,2,3,false,79092,1,1,1,false,false,false,false,true,true
2010,PA,11,4,2,2,true,58915,2,2,1,true,false,false,false,true,true
2010,PA,000,2,1,1,true,77156,2,2,1,true,false,false,false,true,true
2010,PA,001,2,1,1,true,69532,2,2,1,true,false,false,false,true,true
2010,PA,010,3,2,1,false,84112,1,1,1,false,false,false,false,true,true
2010,PA,011,2,1,1,true,52738,2,2,1,true,false,false,false,true,true
2010,PA,100,2,1,1,true,45135,2,2,1,true,false,false,false,true,true
2010,PA,101,3,2,1,false,33957,1,1,1,false,false,false,false,true,true
2010,PA,110,2,1,1,true,27849,2,2,1,true,false,false,false,true,true
2010,PA,111,2,1,1,true,31066,2,2,1,true,false,false,false,true,true
2010,PA,0100,2,1,1,true,53540,2,2,1,true,false,false,false,true,true
2010,PA,1010,2,1,1,true,24765,2,2,1,true,false,false,false,true,true
2010,PA,root,18,9,9,true,421545,2,2,1,true,false,false,false,true,true
2010,RI,root,2,1,1,true,25181,2,2,1,true,false,false,false,true,true
2010,SC,0,4,2,2,true,90098,2,2,1,true,false,false,false,true,true
2010,SC,1,3,2,1,false,91810,1,1,1,false,false,false,false,true,true
2010,SC,00,2,1,1,true,43536,2,2,1,true,false,false,false,true,true
2010,SC,01,2,1,1,true,46562,12,2,1,true,false,false,false,true,true
2010,SC,10,2,1,1,true,63562,8,2,1,true,false,false,false,true,true
2010,SC,root,7,4,3,false,181908,1,1,1,false,false,false,false,true,true
2010,TN,0,4,2,2,true,94826,4,2,1,true,false,false,false,true,true
2010,TN,1,5,3,2,false,145290,7,1,1,false,false,false,false,true,true
2010,TN,00,2,1,1,true,52886,2,2,1,true,false,false,false,true,true
2010,TN,01,2,1,1,true,41940,2,2,1,true,false,false,false,true,true
2010,TN,10,3,1,2,false,99451,1,1,1,false,false,false,false,true,true
2010,TN,11,2,1,1,true,45839,2,2,1,true,false,false,false,true,true
2010,TN,101,2,1,1,true,69577,2,2,1,true,false,false,false,true,true
2010,TN,root,9,4,5,false,240116,1,1,1,false,false,false,false,true,true
2010,TX,0,18,9,9,true,542557,2,2,1,true,false,false,false,true,true
2010,TX,1,18,9,9,true,371674,2,2,1,true,false,false,false,true,true
2010,TX,00,9,5,4,false,254682,1,1,1,false,false,false,false,true,true
2010,TX,01,9,5,4,false,287875,1,1,1,false,false,false,false,true,true
2010,TX,10,9,4,5,false,192091,2,1,1,false,false,false,false,true,true
2010,TX,11,9,5,4,false,179583,1,1,1,false,false,false,false,true,true
2010,TX,000,5,3,2,false,201324,1,1,1,false,false,false,false,true,true
2010,TX,001,4,2,2,true,53358,2,2,1,true,false,false,false,true,true
2010,TX,010,5,2,3,false,164464,1,1,1,false,false,false,false,true,true
2010,TX,011,4,2,2,true,123411,2,2,1,true,false,false,false,true,true
2010,TX,100,4,2,2,true,60790,2,2,1,true,false,false,false,true,true
2010,TX,101,5,2,3,false,131301,1,1,1,false,false,false,false,true,true
2010,TX,110,5,2,3,false,122286,1,1,1,false,false,false,false,true,true
2010,TX,111,4,2,2,true,57297,6,2,1,true,false,false,false,true,true
2010,TX,0000,3,2,1,false,157154,2,1,1,false,false,false,false,true,true
2010,TX,0001,2,1,1,true,44170,2,2,1,true,false,false,false,true,true
2010,TX,0010,2,1,1,true,26369,2,2,1,true,false,false,false,true,true
2010,TX,0011,2,1,1,true,26989,2,2,1,true,false,false,false,true,true
2010,TX,0100,2,1,1,true,34712,4,2,1,true,false,false,false,true,true
2010,TX,0101,3,2,1,false,129752,3,1,1,false,false,false,false,true,true
2010,TX,0110,2,1,1,true,46818,2,2,1,true,false,false,false,true,true
2010,TX,0111,2,1,1,true,76593,2,2,1,true,false,false,false,true,true
2010,TX,1000,2,1,1,true,31899,2,2,1,true,false,false,false,true,true
2010,TX,1001,2,1,1,true,28891,2,2,1,true,false,false,false,true,true
2010,TX,1010,2,1,1,true,57484,2,2,1,true,false,false,false,true,true
2010,TX,1011,3,1,2,false,73817,1,1,1,false,false,false,false,true,true
2010,TX,1100,2,1,1,true,51740,2,2,1,true,false,false,false,true,true
2010,TX,1101,3,1,2,false,70546,1,1,1,false,false,false,false,true,true
2010,TX,1110,2,1,1,true,34320,2,2,1,true,false,false,false,true,true
2010,TX,1111,2,1,1,true,22977,2,2,1,true,false,false,false,true,true
2010,TX,root,36,18,18,true,914231,2,2,1,true,false,false,false,true,true
2010,TX,00000,2,1,1,true,93220,8,2,1,true,false,false,false,true,true
2010,TX,01010,2,1,1,true,73910,2,2,1,true,false,false,false,true,true
2010,TX,10111,2,1,1,true,58475,14,2,1,true,false,false,false,true,true
2010,TX,11011,2,1,1,true,42294,6,2,1,true,false,false,false,true,true
2010,UT,0,2,1,1,true,74897,12,2,1,true,false,false,false,true,true
2010,UT,1,2,1,1,true,40509,2,2,1,true,false,false,false,true,true
2010,UT,root,4,2,2,true,115406,2,2,1,true,false,false,false,true,true
2010,VA,0,6,3,3,true,116953,2,2,1,true,false,false,false,true,true
2010,VA,1,5,2,3,false,168809,1,1,1,false,false,false,false,true,true
2010,VA,00,3,1,2,false,50033,1,1,1,false,false,false,false,true,true
2010,VA,01,3,1,2,false,66920,1,1,1,false,false,false,false,true,true
2010,VA,10,2,1,1,true,56512,4,2,1,true,false,false,false,true,true
2010,VA,11,3,2,1,false,112297,1,1,1,false,false,false,false,true,true
2010,VA,001,2,1,1,true,16169,2,2,1,true,false,false,false,true,true
2010,VA,011,2,1,1,true,48364,4,2,1,true,false,false,false,true,true
2010,VA,110,2,1,1,true,57485,4,2,1,true,false,false,false,true,true
2010,VA,root,11,6,5,false,285762,1,1,1,false,false,false,false,true,true
2010,WA,0,5,3,2,false,89213,1,1,1,false,false,false,false,true,true
2010,WA,1,5,3,2,false,106361,1,1,1,false,false,false,false,true,true
2010,WA,00,3,1,2,false,63678,1,1,1,false,false,false,false,true,true
2010,WA,01,2,1,1,true,25535,2,2,1,true,false,false,false,true,true
2010,WA,10,3,1,2,false,63329,1,1,1,false,false,false,false,true,true
2010,WA,11,2,1,1,true,43032,2,2,1,true,false,false,false,true,true
2010,WA,001,2,1,1,true,25998,2,2,1,true,false,false,false,true,true
2010,WA,101,2,1,1,true,32424,2,2,1,true,false,false,false,true,true
2010,WA,root,10,5,5,true,195574,2,2,1,true,false,false,false,true,true
2010,WI,0,4,2,2,true,172004,2,2,1,true,false,false,false,true,true
2010,WI,1,4,2,2,true,81092,2,2,1,true,false,false,false,true,true
2010,WI,00,2,1,1,true,76365,2,2,1,true,false,false,false,true,true
2010,WI,01,2,1,1,true,95639,2,2,1,true,false,false,false,true,true
2010,WI,10,2,1,1,true,37320,4,2,1,true,false,false,false,true,true
2010,WI,11,2,1,1,true,43772,2,2,1,true,false,false,false,true,true
2010,WI,root,8,4,4,true,253096,2,2,1,true,false,false,false,true,true
2010,WV,0,2,1,1,true,96997,2,2,1,true,false,false,false,true,true
2010,WV,root,3,2,1,false,135218,1,1,1,false,false,false,false,true,true
